market,date,open,high,low,close,volume
US,2022-01-03,997.2385463193542,1002.2970686636938,991.3952294677823,1000.0,304693
US,2022-01-04,1000.4849068461552,1020.1445487848497,999.5653106732234,1012.6765440033629,411691
US,2022-01-05,1007.9899282617773,1009.6004081056693,995.2410171948951,1002.202591397023,507657
US,2022-01-06,1004.2848218748961,1007.2945336956744,998.1564257718653,998.4935531555793,713942
US,2022-01-07,1003.3459539450132,1005.6777324202372,1002.9086945936288,1004.6553971501462,391719
US,2022-01-10,1004.5174098559187,1028.1507147569898,998.5851457680399,1025.7503468631244,665757
US,2022-01-11,1027.0191776544807,1038.2108480716602,1022.7572795910132,1037.6564662668702,275322
US,2022-01-12,1036.365984795542,1046.4777249308222,1033.653250611967,1044.1063048926374,468365
US,2022-01-13,1044.17180331748,1045.8192733529838,1037.6383541425432,1038.6817784082791,592029
US,2022-01-14,1037.3098491028936,1045.7984167740333,1035.2420982498256,1040.4452709142433,774808
US,2022-01-17,1037.0103455840595,1040.1151750427666,1029.5530542496974,1036.8462729089094,938544
US,2022-01-18,1037.8701509834195,1044.4606548869203,1013.8002553700724,1017.0259240937618,503127
US,2022-01-19,1018.5638553641661,1023.9313445467301,993.0064712725576,996.2795872435001,327911
US,2022-01-20,992.7302514379105,1016.005061577674,992.0487694052993,1007.664744236417,361870
US,2022-01-21,1013.3455820014015,1019.7183102645351,1007.8859908719722,1008.0478038189639,252316
US,2022-01-24,1007.4889710186088,1012.1825419263356,1004.5154217504984,1004.5886626319967,618748
US,2022-01-25,1011.9521178643763,1017.3349179232808,1000.0519389775808,1005.3245209738711,223710
US,2022-01-26,1008.7568638936341,1017.5324530871686,1004.9128484460451,1012.8069793265887,594832
US,2022-01-27,1016.3495517376562,1019.7900061165059,1009.7223478020109,1019.259748777706,381603
US,2022-01-28,1019.7804674727532,1027.3186707274886,1005.2680680600643,1006.3466184016921,201832
US,2022-01-31,1003.915420618806,1021.0474836721277,1000.8021213670154,1015.5084423473454,543641
US,2022-02-01,1015.3468467528396,1025.89674207381,994.7722812886242,1000.9974211827888,1268687
US,2022-02-02,1002.1618297487354,1006.890910108591,977.606989614992,980.0084186888713,299649
US,2022-02-03,986.3935758574918,991.6550895116401,974.0843295622482,974.4118438022257,290009
US,2022-02-04,980.0423720983706,980.7616261241731,968.8222356754222,977.9247144778119,376304
US,2022-02-07,979.010937738715,994.6895003036949,973.006572341301,990.8045006484838,267607
US,2022-02-08,989.5565251349373,1000.7424304741955,982.6456948278933,997.8747189090743,249517
US,2022-02-09,996.8287320328495,1004.4324672585611,982.9106708598017,987.6872479226877,535321
US,2022-02-10,983.227928576233,983.7287491864458,978.1413665323244,982.9706049969215,371898
US,2022-02-11,981.6863515808739,986.1516549602534,966.0512107875396,966.4163685205677,548400
US,2022-02-14,971.6884357880723,988.463538553101,964.3561581775608,983.0219350568053,268122
US,2022-02-15,980.7611757780413,983.4797095438543,969.1041929966162,973.9896957012944,246284
US,2022-02-16,974.1803438466832,976.3519732546345,951.3879750589881,953.3459396388828,457491
US,2022-02-17,948.6278301498473,970.6517269364955,945.0296540654782,963.0705425146634,346992
US,2022-02-18,963.3362927413647,967.6411203694902,945.473178894754,952.2457818866795,513430
US,2022-02-21,950.2850643002091,950.3320572504728,948.4032468274304,949.21840140779,237705
US,2022-02-22,954.379796166355,959.7688184511466,949.0125796021476,956.054313369753,497611
US,2022-02-23,955.9093327738308,975.0747544686088,952.2376632411181,969.7877723242997,401034
US,2022-02-24,969.7525291493765,974.9120645360659,960.6539500726378,963.3411153929882,653949
US,2022-02-25,967.042459668296,972.9853990972339,952.3760005090651,963.654776894398,269704
US,2022-02-28,965.6120576617858,970.6789952036398,962.1377079313943,970.5775941966915,1025881
US,2022-03-01,969.6610951984679,973.6392970629364,965.3945009333172,973.1505183182596,325654
US,2022-03-02,971.4386069354081,994.0619001936758,963.5856998073817,990.2730214632608,316594
US,2022-03-03,998.3377505511124,999.713618637513,983.5941525929427,990.0138116167943,245787
US,2022-03-04,984.5073247421777,997.5197889177939,984.1321543393254,993.7372840899696,628833
US,2022-03-07,989.004483204266,1001.3225812492659,980.6526275570662,996.974594490349,356028
US,2022-03-08,995.0128772861559,995.5899125114098,993.6414812427521,994.8814324804487,379094
US,2022-03-09,987.0377637582083,1022.3657385300378,985.9106354527992,1015.328706404831,259229
US,2022-03-10,1009.8315585831176,1014.6917522990848,1001.9088412484132,1012.0231167788841,430254
US,2022-03-11,1008.9480509065177,1021.2922472421262,1008.8801911687891,1017.5205391339751,154602
US,2022-03-14,1014.7431817334735,1030.3005562426367,1011.9355130890974,1023.2665503084053,677278
US,2022-03-15,1023.5676773501698,1028.144285267526,1023.3338201723011,1026.0716151442714,701100
US,2022-03-16,1028.2146244032108,1028.6440059770152,1004.122627523493,1004.8909287484652,252789
US,2022-03-17,1003.6655637466768,1019.2933078630173,1001.82563516516,1013.6537272507129,334865
US,2022-03-18,1008.2889499169435,1015.2028911549769,1001.9989507544965,1011.6376147592074,322856
US,2022-03-21,1014.6994863824091,1031.2757386116127,1009.6698496581233,1026.4204770180668,256480
US,2022-03-22,1022.4070799658436,1027.5161497794143,1014.1485645893267,1024.277377903856,440467
US,2022-03-23,1025.2138762707639,1031.2216735472216,1017.8484641350683,1025.5325929635478,258209
US,2022-03-24,1025.0945841572607,1034.856741723018,1017.737610407234,1027.490737905867,288588
US,2022-03-25,1024.0506290364103,1030.7323445998488,1019.5006206081379,1028.06172941396,604910
US,2022-03-28,1027.6235721914652,1028.7298673444334,998.9795467172318,1001.6069027020916,409994
US,2022-03-29,1001.264689085466,1008.6281620772147,1000.9844270798518,1007.9556912818183,278565
US,2022-03-30,1006.6644942008865,1010.918753201897,996.0500712658478,997.802697044411,513628
US,2022-03-31,998.7145588175802,1000.016530017166,985.6504265773317,988.597645402737,377057
US,2022-04-01,993.9656244096975,1001.0098629451645,992.6777485440325,999.4896993366813,477843
US,2022-04-04,1002.9364138864415,1018.0358462999309,1002.6310707312992,1011.2288976741476,807204
US,2022-04-05,1010.6178944190759,1015.8589148037283,1007.892047413136,1012.451454344712,240067
US,2022-04-06,1011.1516579649817,1011.2678120524818,998.1737952547732,1004.497428609777,259265
US,2022-04-07,1008.0415548629734,1010.6603192451698,997.946431098274,998.3357929576844,219411
US,2022-04-08,997.3284603060374,1006.8076730552056,997.1446157457528,1001.8142351324346,335252
US,2022-04-11,1004.1208099964178,1005.3401082312519,1000.0422775375463,1001.4300082362666,512348
US,2022-04-12,999.9162668376423,1007.6782124173072,993.6049143941847,1004.4672588250806,418779
US,2022-04-13,1001.4702558086283,1009.6023827366325,999.3100676649832,1006.0089589539303,645816
US,2022-04-14,1003.6325975357661,1009.6879332438732,980.7913043982012,986.0086092469742,439160
US,2022-04-15,986.5938201414987,994.2187963130607,979.5853775213112,983.2434559345288,248473
US,2022-04-18,984.3839707669047,996.3643371322504,979.1866311045463,991.7202616145926,868370
US,2022-04-19,991.912840349951,997.8106267692332,980.1126373926008,980.5655831580779,544765
US,2022-04-20,981.3498505777441,985.1091927789155,969.4590660798114,969.4820781891166,450216
US,2022-04-21,967.8518035443919,977.2474046747209,965.3651470780295,967.16207222055,120775
US,2022-04-22,971.0443236192702,978.2759476536077,962.6643576579187,968.1787525046352,384113
US,2022-04-25,960.7179344224598,992.5764286195414,960.67198456603,986.5823669316432,431929
US,2022-04-26,987.3702309514475,1001.5003601703222,985.7004666306398,997.6778278885552,1357794
US,2022-04-27,995.8520800651746,1009.1497277675046,991.4846055399701,1005.568140334535,426860
US,2022-04-28,1006.8518554102825,1007.5808870399874,993.534268003777,1001.2805328992376,1478262
US,2022-04-29,1003.5974568662248,1008.4315957106436,994.4383268769966,994.5358206056034,563975
US,2022-05-02,1000.7829725700508,1009.2772807339735,990.1572974213221,999.1024826336355,559688
US,2022-05-03,998.1695774619449,1006.4093857560767,996.9027241833741,1001.9168395477755,407057
US,2022-05-04,1001.6108297931917,1004.7444448921678,987.4359215394667,992.4955049964655,971073
US,2022-05-05,994.0134272473065,1006.4599587147093,992.6204750809889,1004.2704294690382,313181
US,2022-05-06,999.9771328012464,1001.7502007102113,979.2508675143314,985.9782908578591,428307
US,2022-05-09,983.5599907815634,988.2098122882414,979.3977099081303,985.634110067416,178413
US,2022-05-10,987.0312988128462,998.3162377857927,983.7289719089669,996.6291122986948,593120
US,2022-05-11,996.1255776980796,1017.7869118030512,995.5777397925258,1015.9846189153426,295496
US,2022-05-12,1014.0775755939857,1026.067944709955,1006.2593343880122,1024.1313223517113,509652
US,2022-05-13,1024.034389670364,1030.3637214279881,1013.7735957618399,1016.8843231236793,211707
US,2022-05-16,1017.6663515882859,1039.3406463878432,1002.3260821244265,1035.3795051696632,257321
US,2022-05-17,1035.9095851666302,1049.7164880199762,1025.4905521943735,1041.5928920565582,135814
US,2022-05-18,1040.9483791668624,1043.2070500647756,1037.0583226921233,1040.9970613979199,689670
US,2022-05-19,1041.7550797341282,1049.9872828013442,1022.0317617794769,1030.1211110467066,547715
US,2022-05-20,1025.4740462362672,1029.2336166788923,1010.3046936625838,1021.1479787229553,1135237
US,2022-05-23,1023.6085338896067,1032.2092731740152,1015.3665633803233,1029.7534289039156,624489
US,2022-05-24,1031.9441775072148,1042.5876574249803,1029.1904361314353,1039.5224527306762,460995
US,2022-05-25,1043.7864982847736,1051.2685107717916,1042.3106838603353,1046.607454989792,363287
US,2022-05-26,1046.256854986466,1060.1396008630823,1044.1963758038944,1054.0906643475764,333407
US,2022-05-27,1053.9222741195822,1061.2478243413227,1043.29230791078,1047.3321628622666,642548
US,2022-05-30,1042.8226884599944,1054.2022916632588,1037.7054372629239,1053.5692407718698,701052
US,2022-05-31,1058.7766602910804,1067.34284662261,1051.9523563888795,1065.2632167470615,366280
US,2022-06-01,1062.4275164066432,1073.4798460849172,1058.537459419997,1072.8293571925076,596760
US,2022-06-02,1070.60220521576,1076.9346495313955,1069.068328554031,1075.917788977936,195908
US,2022-06-03,1074.8216247048629,1079.4887190261682,1065.9840846805737,1070.964802394522,470719
US,2022-06-06,1079.5684105633513,1081.676281110918,1063.2028266952577,1064.7156551762498,900981
US,2022-06-07,1065.9711992799892,1074.3110563671748,1056.975266191097,1070.0293903792656,223842
US,2022-06-08,1067.348172783223,1079.4530115020007,1067.1542031409922,1074.4276933749863,436473
US,2022-06-09,1072.5637568105842,1086.4376176719045,1052.7498516892013,1055.599502920387,164209
US,2022-06-10,1054.700246292715,1057.1465532271036,1041.4757736674178,1042.262810808671,322424
US,2022-06-13,1043.957335644624,1044.372931428708,1033.2734635357008,1040.7768278398323,373403
US,2022-06-14,1036.461601158308,1040.7397530450764,1029.888902137324,1037.8800753507774,349941
US,2022-06-15,1037.9558728894383,1052.433697953799,1032.0625562430978,1045.4470910206585,227431
US,2022-06-16,1045.9731480660946,1050.0888121446187,1041.180660467964,1048.8153322078583,421461
US,2022-06-17,1047.287439823905,1047.8140992930419,1028.334850068512,1035.3001662877405,553991
US,2022-06-20,1034.6205989083865,1041.5289235790665,1030.7159854005288,1037.467956460036,956632
US,2022-06-21,1035.9088773686472,1039.4953966685578,1033.749721126994,1039.0525216109118,515488
US,2022-06-22,1034.0478963265796,1054.9535601912266,1030.7130533224274,1051.2204334741405,802393
US,2022-06-23,1052.0125375326406,1063.3558707812465,1045.8909412730195,1045.9989318635626,276364
US,2022-06-24,1044.7955888011606,1046.1264680975967,1041.7683213183898,1045.1245125010103,332334
US,2022-06-27,1039.514006918512,1061.4314935199673,1039.2662410021703,1061.2831916421999,969016
US,2022-06-28,1056.511591930976,1065.7106025052512,1028.8116202844608,1035.9007432071044,813518
US,2022-06-29,1029.8603712610557,1035.2193835933845,1012.8675726770906,1018.5410308455564,356096
US,2022-06-30,1021.6883676938737,1041.4952636168207,1019.9145918399663,1037.0507853304505,490460
US,2022-07-01,1037.9935347984972,1050.5280370428436,1034.3587005198597,1050.3725266414658,188009
US,2022-07-04,1049.8405473549044,1055.7209343427821,1040.4941057146648,1041.633922368464,300750
US,2022-07-05,1033.8541158370124,1042.4074721808813,1025.0317786432659,1031.8208868579277,276680
US,2022-07-06,1035.347719043134,1043.2000013127938,1022.064230649467,1025.8557152597211,393783
US,2022-07-07,1029.9892313744563,1030.4045675548512,1022.8405689218546,1026.5151162838497,462497
US,2022-07-08,1025.669813622841,1034.9917066087837,1016.876784909887,1025.4189271414198,1035195
US,2022-07-11,1022.3911000073725,1026.4088088180815,1015.3656832593527,1025.5960536056564,719664
US,2022-07-12,1027.8295969481408,1027.9928020193001,1012.5712158142616,1018.5712416639238,843870
US,2022-07-13,1020.8863828774553,1024.8618388082118,999.4334670092788,1006.9454280036128,578234
US,2022-07-14,1006.4657933261872,1021.8587714718975,1001.1996697281692,1017.2519943547323,362710
US,2022-07-15,1018.5420762011751,1021.4522558176377,996.0074289429766,1000.329315650039,224863
US,2022-07-18,1003.9728976047837,1004.8066079861255,990.5318047559871,994.4096881148591,298075
US,2022-07-19,993.4554974413034,998.1775117051442,988.5952291219984,995.779296493527,412533
US,2022-07-20,995.952029544061,1020.7422404424059,993.2657838261171,1009.1574402470269,594587
US,2022-07-21,1005.7053632817128,1011.0849304710998,998.1345152976205,1007.7809305687351,630692
US,2022-07-22,1008.8245558170291,1012.2535168013815,1001.8871357736081,1007.888099943572,744474
US,2022-07-25,1006.5850023968089,1019.828647090855,993.4016606787114,1015.4987273147865,537791
US,2022-07-26,1017.9907935098147,1025.6125342970931,1006.5123596163568,1008.6973438911472,488613
US,2022-07-27,1003.3649587298038,1013.1756489507607,999.5425714172677,1007.9256977585894,371657
US,2022-07-28,1005.9568970742828,1017.5157771517747,1002.5339330986433,1014.1887244609396,743029
US,2022-07-29,1020.0737857045715,1024.6555589673878,1013.3798751201479,1016.0766351332089,418723
US,2022-08-01,1011.8129448019603,1013.3942371313632,1005.0889068651377,1008.8866772950956,256585
US,2022-08-02,1010.8806373964604,1013.4419435442484,1006.8039680902111,1013.2633375801263,797918
US,2022-08-03,1011.3458527628978,1021.6309931234141,996.6642730016982,1018.434923433148,466303
US,2022-08-04,1022.3171769376607,1025.0957498158748,995.7871954900868,999.9850628530988,406638
US,2022-08-05,1006.2147017089468,1019.3506872775687,1001.9007637340849,1015.3285771158327,111430
US,2022-08-08,1016.519236249823,1021.5231705595646,994.873532178658,998.7940729233793,693534
US,2022-08-09,998.4920345310805,1011.7529557724746,991.3708493727406,1006.2335435897187,434338
US,2022-08-10,1007.1112773164083,1015.209956336386,1000.1308273638699,1015.1082175131191,407751
US,2022-08-11,1015.0369363816325,1019.5569698680004,993.1691641247527,1004.8261706394138,493226
US,2022-08-12,1000.8618584897166,1002.1277924261975,985.9971658718728,986.7501166426334,1062198
US,2022-08-15,987.8272969330319,990.3660752085169,984.9621515650739,988.8282118434679,1642061
US,2022-08-16,990.9845774467148,1000.6920379344253,990.4875878573246,1000.0343353461373,825486
US,2022-08-17,998.7390405750281,1002.3905087982358,989.6593586181064,992.0033854203823,389268
US,2022-08-18,992.4126129203981,995.0944924196481,977.3675476579141,979.8804994975465,560525
US,2022-08-19,982.1553095431505,982.1737356058816,977.8354937790764,979.104003696822,212553
US,2022-08-22,979.9585626453976,983.5436031983608,975.2470767087793,975.3544557212053,653270
US,2022-08-23,974.9567603739425,987.669928310099,966.7519670945856,978.9372497937894,1005743
US,2022-08-24,973.2664403592653,973.3803233025823,963.0843136397991,965.1587244699949,1083565
US,2022-08-25,965.6046924375341,974.2230916791476,963.8652386981187,970.9478231682531,187063
US,2022-08-26,965.7050106570308,977.6729377710541,963.7936987923616,976.6330958678423,686449
US,2022-08-29,981.3669133889877,982.3487535961128,967.8433340768837,969.656180055084,305077
US,2022-08-30,966.5675820784353,979.014853201564,959.0554779241693,972.3862340921696,240353
US,2022-08-31,971.2361191126946,976.6823877733418,969.7590523843444,974.8915640729023,248177
US,2022-09-01,974.1981195550512,980.2445815741921,962.2491213735788,964.1435513749549,343306
US,2022-09-02,963.2505610035016,973.3765256667984,955.9504838883975,973.1017474114544,754695
US,2022-09-05,970.0139850449542,970.5189260174357,954.9119322686747,964.3929070927685,504080
US,2022-09-06,962.1238157440372,964.0627625108009,960.2459728674507,963.0555664144471,950763
US,2022-09-07,964.7974241355673,978.0161288728034,964.5128153683704,977.1982862191338,418449
US,2022-09-08,979.6592730193474,991.9607626846649,976.8428573062785,991.862490004835,599546
US,2022-09-09,993.0822290121407,1005.8984810795597,989.3063571960089,997.4504300622501,421240
US,2022-09-12,999.5819788388154,1002.6843181346198,997.3430502849219,997.3503517129914,260714
US,2022-09-13,996.6082117904816,1000.7307153771911,982.5395424584908,984.5326921538037,1404755
US,2022-09-14,983.0057890217395,992.3156642609875,979.8676605855887,987.5506765639607,582250
US,2022-09-15,989.7363874632684,992.9400114641776,981.2066372354741,985.9269486474805,344728
US,2022-09-16,984.8764083340948,990.1571145049173,984.0716380159557,987.2638276493262,1012644
US,2022-09-19,985.4725558377917,992.8735359752832,982.6210795699197,989.5204234991362,436614
US,2022-09-20,991.924494908254,1003.4888100152444,990.4129906209066,997.7835137948659,188285
US,2022-09-21,1000.9572769673439,1003.2684593209692,992.2263068416884,994.5718721253621,402726
US,2022-09-22,994.6617796349894,994.9692692084936,985.7692356655343,991.3858768923876,175152
US,2022-09-23,989.4964350010903,993.7275444799966,986.3201147151735,989.9944213642598,407513
US,2022-09-26,989.237295818494,1012.1977287123894,988.5937498107021,1002.541759503436,322891
US,2022-09-27,1001.0744494842514,1001.5495247783751,994.5118896595188,997.7028436775307,404965
US,2022-09-28,998.1802078137895,1017.9074474768256,994.0768794444485,1011.8550066006237,326113
US,2022-09-29,1010.6695953787298,1020.2367667442642,998.8553639202764,999.6213165728458,584635
US,2022-09-30,1001.9725986718131,1005.616712918288,990.1362826320599,990.3127141326136,446918
US,2022-10-03,989.3726307006983,990.0201371879107,977.4010160113451,987.0617026247324,817380
US,2022-10-04,988.1233438750196,996.446830045824,976.9836412471311,991.8705561466062,414065
US,2022-10-05,994.7023962529089,1000.2762256699772,979.0418045783333,979.6722337253601,526567
US,2022-10-06,981.9499619492597,986.0403816465904,979.9327451936292,981.0986746566313,403419
US,2022-10-07,978.7104709395547,983.6891387588879,969.6808407560181,977.2313107228938,252484
US,2022-10-10,980.4180696876382,988.5026059326981,978.824401044151,987.7110488166211,729567
US,2022-10-11,986.7114411707879,989.1649634589803,979.8148607682244,981.3782266109276,237115
US,2022-10-12,982.024678789471,986.490975827824,955.0065653015872,959.9306192962273,335941
US,2022-10-13,967.2015344471729,969.642846205314,937.6650890738098,945.932628401787,746267
US,2022-10-14,949.4053846226802,963.5948543931573,948.6330746530297,959.383467988744,661532
US,2022-10-17,957.832961404519,959.4834500282689,945.5497294334461,957.053610281063,917518
US,2022-10-18,951.7524262221654,954.3470593704916,941.4139408185129,947.0408905179336,353776
US,2022-10-19,944.203671253894,946.091144602081,931.7936881185522,935.0778923859102,558643
US,2022-10-20,930.2345966462888,950.4933553501739,926.1350502706537,946.8013164629563,942503
US,2022-10-21,948.7321516329653,959.5916582005877,940.8517646578955,958.5155892197392,462505
US,2022-10-24,958.5515443735374,959.4054382544425,956.7284931594234,957.3186158810981,356049
US,2022-10-25,957.4149423052937,967.1073566387063,952.7492034551242,963.8236066801646,288238
US,2022-10-26,964.0072452261284,969.413920336894,961.6552245795165,969.3999024794214,251298
US,2022-10-27,969.0629010781729,977.3862607947466,957.9577703100662,970.1434858535484,1205799
US,2022-10-28,969.6495353990002,980.9413491932356,965.7826014869833,972.3666506767797,543604
US,2022-10-31,969.8618630314813,970.0589509057986,968.0484860809304,968.9820132450046,387491
US,2022-11-01,963.7175328379612,973.0526610566482,961.7050241692968,969.8168102993128,175937
US,2022-11-02,969.549193463613,975.2322660162287,968.2742458757623,970.5197574380662,454502
US,2022-11-03,970.3910140136738,973.3228105628409,959.3165891045962,960.1348310116833,485369
US,2022-11-04,960.1831738483481,965.4458453909956,953.7290343445533,956.9552850642305,516540
US,2022-11-07,957.056290108543,972.1643866739531,949.7824798118303,963.5995820251292,485615
US,2022-11-08,958.7524205439785,969.5688543335789,945.5688928837001,951.4149958684246,141537
US,2022-11-09,951.4162246409145,956.1084424254932,926.2124638306358,933.9807819259587,483174
US,2022-11-10,940.0450830752255,945.7205882319778,926.0628640825772,931.8160721058472,791644
US,2022-11-11,939.4387421060844,946.0279884681235,933.1357186409659,936.0246164851059,687735
US,2022-11-14,938.4918861848272,952.854816201863,936.4524832035813,947.1820086919303,823206
US,2022-11-15,948.6693868250122,954.8188004836537,944.4949565069617,947.6984806809363,331130
US,2022-11-16,949.3069675414305,956.1444961664149,945.2285329744648,950.6744766262302,388366
US,2022-11-17,950.7205696606894,961.737781887748,946.7146700713546,961.6143162978466,325895
US,2022-11-18,963.3797792924671,966.3162509375591,945.4209924882183,948.5951271991865,481545
US,2022-11-21,949.3510557268053,954.8668856136576,946.9325067744693,948.4960053384557,327260
US,2022-11-22,940.6944533341601,957.755234182202,936.4423260855089,954.5501172057542,967140
US,2022-11-23,954.6423460299892,966.2599815323806,952.5861215760856,964.1348536204066,400371
US,2022-11-24,964.9921456987878,970.9668219792895,953.9211556727702,956.358257181458,521545
US,2022-11-25,953.4980765613922,958.3613165015171,927.9582072930248,939.8440676745834,183002
US,2022-11-28,933.1389509105845,945.0538798247414,931.7789978534352,941.1470878980341,906707
US,2022-11-29,942.8309711812312,949.0793271124062,921.4068661161805,923.1300758530315,201277
US,2022-11-30,923.1945982216646,928.2735374127243,911.8682446043516,916.8958865074469,391361
US,2022-12-01,915.2776836279845,930.8778047334777,910.0198105055769,925.8725716317989,724128
US,2022-12-02,925.9438133561043,934.0029283287781,924.9706359545198,929.8967447220429,336614
US,2022-12-05,931.3849411630491,933.6920439445954,918.7720846042638,920.5290056471931,456052
US,2022-12-06,917.7642876831627,920.4378128898891,915.8772493119947,920.1545582150018,262868
US,2022-12-07,922.7041541412631,931.6306217401027,908.5040887672957,919.0588156674075,146477
US,2022-12-08,920.1634126803758,920.5840554181049,897.2448444546195,904.14435706839,650249
US,2022-12-09,908.2517797519146,917.6462303299844,898.4585768144451,903.2538415859361,172715
US,2022-12-12,896.6964880911139,900.428367395325,895.057571608899,899.5998153307268,548512
US,2022-12-13,900.2838116347823,902.5908456879328,894.2412315812777,899.8135745880751,461585
US,2022-12-14,896.4173422477666,897.8404084619374,883.0327763103951,886.982713120644,625949
US,2022-12-15,886.7654915674792,891.103363379525,886.6096690347377,890.5597188196967,915447
US,2022-12-16,886.4278751156231,897.5720533726677,881.8241301161314,896.9014307936749,413382
US,2022-12-19,888.6244230840631,896.8794231346498,874.1631173998014,889.2984144013628,448743
US,2022-12-20,893.183706697363,899.0644261571753,891.9620450927127,898.2134465589284,465530
US,2022-12-21,892.7887857548266,906.1440297790745,886.7727390954158,898.6040733085185,321172
US,2022-12-22,900.3381276984159,905.7449733137117,897.7370650599315,901.8501898027781,717794
US,2022-12-23,901.9575077608016,908.2002322872783,894.6559474877176,905.0083111244747,243782
US,2022-12-26,909.7700940900062,909.9289546779186,896.4382782435715,903.4349037472485,606894
US,2022-12-27,900.8030606726313,912.2543697892344,894.1594912330676,907.8958456183738,234105
US,2022-12-28,906.229004061111,910.9729179544867,893.960578903323,900.9389289776684,983946
US,2022-12-29,903.5914227597265,904.6302199623194,893.656560599093,895.6323387038025,412166
US,2022-12-30,896.2942852266523,898.7297907167284,890.2158747181956,896.2560397115087,1018741
US,2023-01-02,891.492697482764,898.6058518672082,887.2495818239111,897.7760451290918,190624
US,2023-01-03,897.5806220986433,905.9219262110737,896.9449818084669,901.9790703947729,415097
US,2023-01-04,903.8139904957964,911.839861332152,897.8503947020469,901.5067461692978,642041
US,2023-01-05,896.8452672394523,916.2821970603392,886.6057137516867,908.4663746383834,205968
US,2023-01-06,910.2330480174201,917.6838981473828,894.1523695017942,898.748214312821,782713
US,2023-01-09,898.7251408226202,908.3302422852876,893.7254236159661,906.3926344305886,257011
US,2023-01-10,910.3151913567679,925.5730985997841,907.9804818342942,923.9684492019924,429175
US,2023-01-11,925.1598331438859,934.2184717393733,919.7245389273492,931.5499949497168,272661
US,2023-01-12,933.2968674488031,948.5776929658497,929.115127049251,947.2513567803095,374441
US,2023-01-13,945.14793513114,973.2523318477763,940.3114052341552,970.7238232229261,205646
US,2023-01-16,974.1275019144874,974.5402452222255,961.709247954409,966.8380933029794,302047
US,2023-01-17,967.1468324775129,969.8470160414593,952.5504333323943,964.3266236217754,344504
US,2023-01-18,965.986152009079,977.3382963501058,962.5199188451445,972.464433214035,283636
US,2023-01-19,969.5668217870902,983.2433699058971,969.3179225882434,972.3661286414474,566524
US,2023-01-20,978.6269300765188,997.7010946182304,972.9232006098998,991.8524700597623,318369
US,2023-01-23,991.2526853464697,998.4423245868896,986.526635232451,988.0037369488227,391180
US,2023-01-24,987.6996964369399,999.4896678426522,982.8506944310491,992.2785943341664,275454
US,2023-01-25,994.9145493537301,1008.1764603658557,992.9546778415516,1003.5780382474228,641897
US,2023-01-26,1007.9631136663056,1015.7600483156841,1001.9132754743431,1005.7030695030929,369048
US,2023-01-27,1002.7145485242518,1010.2280912983334,991.7908159660681,1007.5638588072311,318016
US,2023-01-30,1007.4387369523886,1008.654221724261,995.4298598675286,1001.584085805815,431342
US,2023-01-31,999.9572406511339,1007.3019128373226,993.6185082981833,1002.7238390122078,425470
US,2023-02-01,1005.8398550749698,1018.049918700573,999.2160178086431,1013.862765664282,659831
US,2023-02-02,1014.3426893175437,1019.7499149097055,1006.2648133127769,1011.013949991607,322293
US,2023-02-03,1011.666428981384,1014.1938355533814,991.96298722899,1000.7740500268683,267435
US,2023-02-06,1000.7982785664229,1023.9651590753327,995.9712595381221,1012.324109434722,495298
US,2023-02-07,1012.199521732458,1013.3637284998505,1003.5380595111764,1008.0533834391695,311705
US,2023-02-08,1006.5866155509611,1032.2689973694057,998.0917806966133,1018.5244853795094,553571
US,2023-02-09,1024.7532232684737,1032.1476856414813,1023.8531274065431,1026.9663871160883,300524
US,2023-02-10,1023.8500613494232,1027.6257924620083,1021.8650709925699,1024.1175411637619,449928
US,2023-02-13,1026.743494724947,1032.402420232122,1003.5169209648578,1008.355202718307,288807
US,2023-02-14,1010.4155405125756,1016.3745318105761,1008.0002972408537,1011.4217438405824,463525
US,2023-02-15,1003.664889977423,1020.2105571792686,1001.4912028666716,1016.5825901641599,309863
US,2023-02-16,1021.8425536077058,1030.6933419983307,1016.9000205547189,1017.7850503018802,497711
US,2023-02-17,1012.7725596514633,1023.8213513568082,1012.1751495185515,1022.1785870688024,740895
US,2023-02-20,1025.8868151527556,1031.9156453692453,1017.8922670467223,1023.5260224258944,586479
US,2023-02-21,1025.2335418782004,1030.8985900815835,1020.1927968402395,1021.0401408741398,376991
US,2023-02-22,1016.1011923487127,1031.6538325882902,1014.5921932150912,1025.7485895105506,608735
US,2023-02-23,1021.3097896170485,1023.7481268159798,1006.0921718686296,1022.4334360200534,621771
US,2023-02-24,1022.9249765231575,1027.1589442621712,1017.3105294876343,1021.5433986903618,468599
US,2023-02-27,1021.4978737541766,1022.0619235242888,1015.5759602715974,1021.0520807874976,830660
US,2023-02-28,1022.0234573965604,1035.1496388482499,1021.3578399723801,1025.9449200409724,221131
US,2023-03-01,1024.5748186888793,1029.110048742952,1018.3418006285,1028.7604757475292,481155
US,2023-03-02,1033.138811151604,1035.8979234999422,1017.1800358740627,1023.2331124027595,1029624
US,2023-03-03,1023.8898958901666,1035.5538264539107,1013.045296008312,1030.331410610169,324320
US,2023-03-06,1030.9623697140523,1047.7902974571723,1020.6324011397829,1038.0334902049922,659172
US,2023-03-07,1036.1889316501868,1042.5658767083055,1017.7932577724245,1022.8970132678276,485520
US,2023-03-08,1019.7746963408058,1023.7574018432937,1019.1550317113409,1022.0302269984489,784883
US,2023-03-09,1018.7672768199371,1025.4523319196835,1012.3581867852109,1019.7770366327766,696025
US,2023-03-10,1019.4333623071117,1019.5863410493253,1011.8017946011751,1015.0979030753241,225195
US,2023-03-13,1014.3786723816073,1018.0474068954852,1003.7792590716109,1006.182189617846,343097
US,2023-03-14,1004.2009078870665,1011.3226417172077,988.2037550392201,991.0061994921017,229946
US,2023-03-15,984.4146117142565,993.0483691169825,982.689834571578,992.1588023790852,449162
US,2023-03-16,987.850659726891,1007.0185985318279,979.9221038147706,998.5706523846965,455315
US,2023-03-17,996.80875632222,1008.4502059759512,993.1027320572608,1004.163356329961,675794
US,2023-03-20,1003.0742573142147,1017.4056004797461,999.2492133895219,1016.1688891197754,2268027
US,2023-03-21,1019.2651781776702,1021.3872647730196,1008.7116495694202,1011.4747339011242,268045
US,2023-03-22,1010.2028685735426,1032.7560092281656,1005.6269677211538,1020.1850306039122,577245
US,2023-03-23,1022.285946605885,1024.0283443883422,1014.7110965374252,1021.984747758665,233528
US,2023-03-24,1020.3675096120039,1031.15508113857,1019.1707515143864,1029.1889865070114,726007
US,2023-03-27,1029.4489833255855,1043.3557478933028,1028.3750971585182,1038.0695546346637,525615
US,2023-03-28,1039.3336116152225,1047.5109990483584,1032.7560300545758,1044.0440505151678,551826
US,2023-03-29,1044.680273726979,1047.1232611191847,1027.4258679989136,1030.0965348737523,632652
US,2023-03-30,1022.6461702023661,1036.146066776157,1020.5550490888346,1031.9721996730548,224384
US,2023-03-31,1033.6899816417606,1040.6647974388595,1019.8382765036149,1021.1179156453194,151546
US,2023-04-03,1022.7418778977107,1028.6716007485425,1015.516966885916,1027.4657290548932,498395
US,2023-04-04,1027.827464857937,1028.6070762150523,1023.5265064167418,1028.313449532613,382680
US,2023-04-05,1028.5141826041681,1045.9186809266419,1028.0195965492717,1037.894567262223,468089
US,2023-04-06,1036.6821464494153,1043.0608005594556,1031.239403965007,1042.705274926976,202663
US,2023-04-07,1045.3123035873684,1066.2978187552183,1044.8845345276197,1056.7634327279693,1131933
US,2023-04-10,1052.672432876154,1061.1912467861239,1043.6203066038645,1045.2805411557722,304970
US,2023-04-11,1039.923646147956,1052.6664286843268,1030.5012015855627,1051.5513328043617,1160859
US,2023-04-12,1052.231164256648,1059.2027455067512,1051.1060722830698,1053.3092787154021,411216
US,2023-04-13,1054.3876928761194,1056.9077946155924,1034.6225068108815,1036.42293996284,412370
US,2023-04-14,1033.3391416283189,1037.2795824617797,1021.2358353447586,1027.7822765705716,365173
US,2023-04-17,1021.3505814326123,1022.8814331227622,1020.667010389972,1020.9285850294577,411780
US,2023-04-18,1026.9846357105516,1029.1986211186181,1013.5356229618957,1014.3273220085281,394465
US,2023-04-19,1010.7119440955037,1048.8872958818981,1007.9509308333442,1039.4470341784674,419743
US,2023-04-20,1041.1783111754569,1049.4498055622232,1037.9479394062114,1049.1601574327526,529081
US,2023-04-21,1049.3066973589898,1054.66448017452,1048.057973984198,1050.1754605642002,413651
US,2023-04-24,1048.0735947204969,1050.862918822347,1046.7087589621158,1047.3308716011993,1442815
US,2023-04-25,1048.6983452676302,1053.619511129991,1018.4020113083421,1022.5734989977647,403061
US,2023-04-26,1019.6736081286206,1029.63051067246,1019.0296673283873,1024.1057479977414,1366516
US,2023-04-27,1026.0097661197565,1037.4240131892177,1017.6983560939835,1032.9252417127432,405843
US,2023-04-28,1035.3280591521848,1044.5208129510668,1030.7019979988997,1039.2466519753953,744117
US,2023-05-01,1043.9304079684193,1058.2517602440853,1042.2252546136735,1055.8085834802498,370739
US,2023-05-02,1059.3336449885549,1060.7310111578493,1027.577711189837,1037.9729074184663,147078
US,2023-05-03,1045.3636645700192,1048.5317822669515,1040.0415459909807,1040.7285928988954,245416
US,2023-05-04,1041.916066844376,1047.786488998009,1032.080425238944,1033.0784911537364,393881
US,2023-05-05,1036.0043597545177,1040.2844425990486,1026.2997442805486,1033.9183319918388,553296
US,2023-05-08,1034.9302789477445,1040.000092321045,1012.9880169222826,1017.3273738951743,501139
US,2023-05-09,1018.7041023718169,1022.9409385077826,1002.8825681033079,1003.6002097906953,1130276
US,2023-05-10,1006.5399463081862,1010.4117567646133,1002.0298380205322,1005.7985149194816,195226
US,2023-05-11,1012.4335618388201,1018.7644904968384,999.4851814150418,1002.4527360001466,577844
US,2023-05-12,998.6746339601078,1014.0818850749655,994.0527949819832,1012.2784473052163,579228
US,2023-05-15,1010.697598354437,1031.322203573969,1005.3160798910238,1029.258582161501,624538
US,2023-05-16,1022.4939491485379,1033.946267054387,1021.7444112396248,1027.459966381636,253901
US,2023-05-17,1030.1512833175395,1033.6375562956703,1029.3361765356203,1030.5654597511425,615126
US,2023-05-18,1028.4559334006294,1045.6003897029645,1021.7723234581213,1045.2215107703892,431721
US,2023-05-19,1045.6582367436915,1065.0470629027884,1041.5433547827004,1056.489714401487,459141
US,2023-05-22,1051.3156855656268,1054.687872006657,1044.4297438449858,1047.5444152378402,407893
US,2023-05-23,1041.9197729266054,1046.7797725598873,1030.0484804699272,1043.867153319896,579538
US,2023-05-24,1042.3243898887051,1053.4271390473361,1040.426121210319,1049.7114555836304,562840
US,2023-05-25,1049.3722176583453,1052.4841047386274,1039.6442330109205,1044.4294735587418,280629
US,2023-05-26,1041.412816490386,1041.5767642663834,1034.2270510371338,1038.0065481707322,182644
US,2023-05-29,1038.4294754559933,1039.4891748357581,1019.448263277437,1024.7854287603452,948098
US,2023-05-30,1020.8889742654342,1031.3776562706985,1015.5388443091897,1022.0458028731377,413540
US,2023-05-31,1020.123388837939,1026.1833392539595,991.9262006690867,1003.367587518351,234961
US,2023-06-01,1006.4260683901416,1008.5475643119897,986.0606712783334,987.6091332341588,343665
US,2023-06-02,987.4401141662361,1002.7065580525885,977.6056231066133,996.4785891540639,301360
US,2023-06-05,995.1610304424782,1004.0023259086721,995.073000887968,1003.3212348571816,619996
US,2023-06-06,1002.0331577525466,1008.0974013836618,997.5132485119414,999.2909972367928,379864
US,2023-06-07,999.9935562748975,1005.5627364767622,986.121942292034,992.9388154830955,485246
US,2023-06-08,995.0364690395382,1000.5958590862781,981.2971490071134,982.8079870298693,627064
US,2023-06-09,984.1481463483245,988.1908982949507,972.7793212191572,973.8605411031992,309943
US,2023-06-12,969.6052161842134,990.2778609197081,965.8016541522148,982.5272427337133,211494
US,2023-06-13,973.9859576287669,990.418419757654,970.4092210039399,986.4700860201747,786390
US,2023-06-14,987.0646140301387,993.5320510660024,972.8248163402576,974.1202137398733,409902
US,2023-06-15,977.9494521811783,979.195786569751,960.4224750984124,960.881632422272,1315691
US,2023-06-16,962.4934911263524,963.8997168548206,951.500632727686,953.1463480865619,245337
US,2023-06-19,950.6779220946157,954.7902787030022,941.5488000546079,943.1191921923096,369874
US,2023-06-20,944.3347193243475,948.2952753880663,937.9142316159222,941.2307678817839,623608
US,2023-06-21,940.2785794335269,946.149794252867,936.1911451548773,939.8951828798197,463778
US,2023-06-22,939.4485205212485,947.3480277725579,936.1102636166061,941.5892060241997,418371
US,2023-06-23,946.2451307466793,947.0871285699451,940.0975591686008,942.5033563026187,415896
US,2023-06-26,943.630995333957,945.2029313576228,932.6194456764543,934.6663095588738,814772
US,2023-06-27,931.7360532454642,944.2701350896605,919.3526931258334,940.8552980672782,332660
US,2023-06-28,940.7548869457107,948.3854633803683,927.2643963420394,942.9072489108847,656091
US,2023-06-29,938.2626856130652,945.4517314503494,936.7190990286026,944.4378915340094,427657
US,2023-06-30,944.9803535139199,946.4696690215367,944.5710974006082,945.1681656036319,317939
US,2023-07-03,943.2418969457171,945.6679663084344,938.8022504321825,940.3874130093022,636338
US,2023-07-04,939.581783379915,943.1731185311459,923.7020477265233,933.74640837989,489910
US,2023-07-05,935.8790408450385,945.779145142795,927.5610623367954,944.8699647068353,351331
US,2023-07-06,944.2446760782349,955.9703485743329,943.3631391017962,951.5548341147693,343420
US,2023-07-07,953.7939817913576,962.9768167382057,953.067420165309,960.2817721122173,164794
US,2023-07-10,965.3797497709099,978.3630540175893,950.1374293296016,953.8846764818023,272263
US,2023-07-11,951.8497049296981,952.2886230225142,932.9260471602439,939.8937783286319,346010
US,2023-07-12,936.6663019488869,939.3982355003816,935.6445693809649,937.3521364123429,910271
US,2023-07-13,934.5747946010877,941.8292054284107,932.306534722442,936.6979575388251,164772
US,2023-07-14,939.903918669269,941.0472824203478,926.9969467919152,930.8380774254993,382096
US,2023-07-17,932.1856957006378,936.3782466592147,923.9143719487038,928.7103475303969,649915
US,2023-07-18,930.4274777731796,936.7956726016371,928.5567644049822,928.6940526193349,369989
US,2023-07-19,926.935610750144,928.7065564711248,923.6242492032834,926.7050996730708,306845
US,2023-07-20,934.1964188999186,937.2490814765405,912.3087227574666,917.8443802084076,568184
US,2023-07-21,919.7226458299575,924.8350372300048,917.3808908694293,921.0002299977859,514487
US,2023-07-24,922.3364199051728,930.1251344904167,917.2917938887895,929.4055556089988,366225
US,2023-07-25,922.2785422002628,941.8360828748829,913.7520281815273,935.3618621990341,294742
US,2023-07-26,930.1920332555667,940.6138879495168,925.7493848097598,940.3732336566534,435078
US,2023-07-27,941.4243275498578,968.7866850365303,937.427116770037,966.5060196417998,476261
US,2023-07-28,968.4474405199967,972.2196471769603,957.9517139036798,972.0019198230226,743709
US,2023-07-31,971.8109429198727,986.9765666401144,968.7700049419761,984.7931363532174,1039015
US,2023-08-01,985.7488749842771,1000.1949850186895,981.9042675220885,997.2932369130741,599843
US,2023-08-02,998.2380681591684,1007.8362855852486,997.9545260066183,1007.2336844396716,235070
US,2023-08-03,1006.5557561848491,1014.7884087552686,1006.4806779835342,1010.8365749338278,583896
US,2023-08-04,1016.7088849601427,1028.654736983903,1002.0380660782331,1011.2690099864317,307696
US,2023-08-07,1010.9024953692442,1013.3082121984745,1004.7701655491267,1006.3991522083596,216696
US,2023-08-08,1015.1329903302077,1019.5214557185132,1003.4439013710335,1007.4685515057757,460577
US,2023-08-09,1006.9313054596828,1009.3578137216098,997.3374617686314,1002.3697662038942,587626
US,2023-08-10,1004.235410379312,1018.5832663664889,999.7559522118719,1018.3589854366668,270248
US,2023-08-11,1018.8238476081028,1024.6987582822528,1016.5052515332441,1019.790849630543,348759
US,2023-08-14,1022.8217341077487,1032.0452896850593,1005.0090176596149,1009.1001899845712,443362
US,2023-08-15,1007.6944895192562,1022.839029711787,1007.5060187288491,1019.6424128614163,352235
US,2023-08-16,1022.729691734942,1030.2926891338263,1003.3631470102298,1004.5121728725957,510465
US,2023-08-17,1005.9158398008442,1006.7349026257557,993.8947601550044,995.9398299836918,576295
US,2023-08-18,997.4832953655556,1008.9920478067306,970.2158590644863,982.2482411330898,305459
US,2023-08-21,979.0954153848315,995.758883762315,975.4402216824078,995.1949485839157,253605
US,2023-08-22,994.3051164349216,994.8037891246418,979.0164420721782,982.7572461546362,922326
US,2023-08-23,984.9361996224035,985.9987472210379,963.7928262614544,969.5271009712644,493786
US,2023-08-24,974.760095864765,977.7484794381559,966.6886158849742,969.55922702041,654447
US,2023-08-25,973.4851786029956,974.7018443466777,963.5633650206821,968.4536158962883,367122
US,2023-08-28,967.2166987027396,968.8525802521747,951.5593103957808,954.0771428327046,501750
US,2023-08-29,956.5293378975198,958.9009018532938,947.0806116437738,950.2916345408192,395038
US,2023-08-30,956.2100497255584,960.2579310752129,946.2944021786317,950.6358332917622,622835
US,2023-08-31,953.2387146417867,960.8187507731784,926.8710226518125,928.5348260489309,400205
US,2023-09-01,927.6896110429132,936.9857538527953,927.0937943614825,929.9566245486167,726490
US,2023-09-04,928.1397771163432,940.2239392510131,923.6898889436155,937.462988282482,465107
US,2023-09-05,939.950514634899,951.2547643997506,931.8937930828698,943.2224572698261,245062
US,2023-09-06,937.1974842965286,943.4568345205146,935.5447141651576,937.7248370922497,469245
US,2023-09-07,939.6139386909334,943.7522322259478,921.0283677432635,927.3808807488155,511786
US,2023-09-08,928.5132964778549,940.2798162954974,924.3155363621526,932.135558239214,463377
US,2023-09-11,929.3182207799294,947.3810473694532,925.6797927567061,939.4223383452604,314130
US,2023-09-12,941.2727353547234,962.4417587553588,938.3349003351224,954.314567647694,504668
US,2023-09-13,951.269242047946,975.2954932942201,946.6343138437205,972.2458083005963,484381
US,2023-09-14,974.2667669509771,984.3771145137255,970.3575190945706,979.6942801710564,793277
US,2023-09-15,976.4559741364513,987.6841078171349,974.6117208118756,976.7655075375089,835779
US,2023-09-18,976.6678850904733,985.0133732365911,959.3805655300789,959.5298211506732,299149
US,2023-09-19,959.9250045185677,960.4239381595199,952.5165885266822,952.9987581903301,490699
US,2023-09-20,954.4412626674624,959.0479126162036,924.6185856910665,928.537654657576,276849
US,2023-09-21,931.9587582563399,932.4558224379725,924.7099698867255,930.567505197201,486828
US,2023-09-22,931.4008792337637,932.9781510187125,921.6474688012335,925.2799811713562,336647
US,2023-09-25,923.80827590915,940.6415026802559,909.4023084726181,911.5591903293472,287126
US,2023-09-26,909.7033818295157,910.2422366853712,891.4712115390558,893.7459089484839,248880
US,2023-09-27,892.640899201015,895.4682070060611,885.1572828041154,891.2779360564374,1132508
US,2023-09-28,888.9109962676314,895.2858703724746,884.0006939191279,888.6778531730524,411717
US,2023-09-29,888.5817891468463,890.9491668280339,880.0803222017536,880.3280137633944,322562
US,2023-10-02,882.4149306165931,885.4776720075749,879.0122736978645,884.2320156734263,490272
US,2023-10-03,879.8020203387536,882.969953147494,875.7463043439723,882.4398465948126,495115
US,2023-10-04,879.7571877803366,886.5972555402373,873.3660381403273,886.3587130847119,569790
US,2023-10-05,886.3490108349031,888.0177858072664,880.6325601636338,882.1187244084197,381434
US,2023-10-06,882.7405311352337,882.7808200520224,871.1293995348394,876.3095293624783,673228
US,2023-10-09,882.2428635567935,891.384675289684,878.8778249175324,890.0093777525025,938857
US,2023-10-10,889.1389262433149,905.0667522290983,887.8229134804674,901.8516783020252,276042
US,2023-10-11,899.8573861832738,900.4956497607047,886.1578982308923,887.808005319045,1098188
US,2023-10-12,890.7762835097913,899.6925078732722,889.9099732073417,896.253283100566,377258
US,2023-10-13,900.0842705762204,901.2412961159597,886.7718026777828,887.59447019882,353131
US,2023-10-16,885.5882309480412,885.7520437929616,875.5220001246109,875.5963308533529,358859
US,2023-10-17,872.0276433578862,895.1784550182726,867.1360676668623,891.2758676960307,330235
US,2023-10-18,891.9447105884271,914.4150054156572,891.7460651516428,909.8621503829826,501707
US,2023-10-19,912.6873529629916,914.095805340498,906.9756451852212,910.2640776400372,844574
US,2023-10-20,907.2386860281053,917.3107170259678,905.7489236452105,914.7927792464847,451745
US,2023-10-23,916.2830495540236,918.0195576126191,908.0177813830654,912.1861447383301,379830
US,2023-10-24,914.3663665819679,924.690249792739,908.927498501405,920.2637304476301,428934
US,2023-10-25,920.0550037370082,931.073344562105,918.9080337510966,926.0081690179708,562979
US,2023-10-26,927.5356245938628,930.060201459199,925.0481719722569,925.5265562926943,405154
US,2023-10-27,926.4061779959527,932.3341918583044,921.0077934990655,928.4171022946638,476883
US,2023-10-30,931.3752419815465,932.2033230800996,920.1326734308193,922.5249135001244,386048
US,2023-10-31,922.9137928842887,924.1693136472636,919.9140727055485,922.8799045795113,661444
US,2023-11-01,921.3323832939745,931.0111355395653,914.553272093819,926.7880537504454,460035
US,2023-11-02,925.9983376169736,926.038777763613,918.149557043869,925.1900308337206,624287
US,2023-11-03,926.482663701687,931.1948333852937,917.253018597976,928.2680486089841,460414
US,2023-11-06,927.5690792383497,928.4369286788659,911.7084705699594,911.7661374680965,414722
US,2023-11-07,915.3395142425106,918.0780639516984,908.0024523842311,910.7026870163699,223991
US,2023-11-08,909.1406522082126,934.9975809702592,908.9408091642701,932.1951007941741,279232
US,2023-11-09,931.7380112944379,942.9767326361934,929.2950803457684,940.5020983535284,372628
US,2023-11-10,942.0276193944488,945.6891819600911,939.3242707080144,942.896495583282,1649403
US,2023-11-13,940.4967014997036,953.3061694680475,936.8091322545489,950.3485591707898,870214
US,2023-11-14,952.3140283515394,960.3536619303027,949.482305759524,951.8496888991466,260606
US,2023-11-15,953.6189142174917,957.7684306405574,944.1201557393371,945.4328516163981,490629
US,2023-11-16,944.6353875567384,948.4724161434815,941.8054758235548,944.5242299950991,233770
US,2023-11-17,945.2719026615201,952.9582520536405,942.7613815060928,949.5413782000728,768659
US,2023-11-20,945.6653319840273,962.284581086692,943.5706324518744,959.0000334618722,109191
US,2023-11-21,960.5548654351859,964.9411522641512,952.7802498968861,956.6811855941157,341421
US,2023-11-22,957.9311230694273,958.8060688367282,952.8000313080604,954.4870564894504,574642
US,2023-11-23,955.1065858505835,960.8137705791472,943.1809186966577,945.3429840089278,419100
US,2023-11-24,950.5702431666158,963.1836895550871,940.1422933726984,957.4182739088699,636615
US,2023-11-27,960.1810717450248,966.9594459372427,957.1425847346914,963.6243640631304,502817
US,2023-11-28,961.3835896753111,988.6215045912699,960.7674968530354,982.4734323129816,499459
US,2023-11-29,982.5010053766596,989.2643889555726,974.9408757870928,981.1287504698732,605624
US,2023-11-30,981.1443836055104,986.652050265595,972.9230613585315,983.2172644391554,536182
US,2023-12-01,983.263888496873,986.130061556225,971.7262820968143,974.7247781479188,263188
US,2023-12-04,975.6420375726665,987.3043855626972,970.3088416288614,984.3381325088347,509039
US,2023-12-05,979.5177041551221,992.2907926555197,976.3138036292414,987.5108480388703,628217
US,2023-12-06,986.2366170449266,999.1207557906736,981.606450250466,994.1459433961065,644978
US,2023-12-07,995.9183068159651,1001.3339184004681,990.3467933714034,997.5343707001146,537133
US,2023-12-08,999.5674974607126,1006.0725991663186,990.5848391047306,992.4599889093322,818646
US,2023-12-11,989.2366483862694,998.9202549109458,986.7841356298695,996.8336764708355,394183
US,2023-12-12,995.3226041399629,1014.5963171082952,992.2071811167656,1014.0780423761003,611674
US,2023-12-13,1010.8418140346768,1032.5378189551354,1010.6940342672507,1029.155663983142,1056194
US,2023-12-14,1026.6709101003578,1049.2742526932964,1026.5089780867747,1046.4895665725194,461086
US,2023-12-15,1048.2428969152395,1049.5568265496802,1040.2463869902351,1044.4920134144613,307675
US,2023-12-18,1045.0292393316415,1051.1033749828916,1034.1350930059757,1043.0162117314394,404459
US,2023-12-19,1044.3864014345345,1074.8132665910925,1043.2991624840085,1063.1446529978493,589316
US,2023-12-20,1059.833306328095,1061.7351193118543,1055.7693676882493,1057.636079658407,599412
US,2023-12-21,1065.6898918563852,1076.3581687523147,1060.6037617082773,1071.643349406839,582700
US,2023-12-22,1071.2705165917248,1085.2557398842625,1060.527011226765,1082.602903508321,507241
US,2023-12-25,1077.6798783314337,1080.7953907416131,1066.2096378081208,1066.7686218422123,409473
US,2023-12-26,1068.5001046660989,1075.9604576340564,1055.5724817988685,1072.4270099495495,420943
US,2023-12-27,1075.5907592446988,1082.75296595448,1056.1760736044337,1058.5719255012748,416606
US,2023-12-28,1061.1015354213876,1064.1876195072662,1044.9245104947806,1052.2196817167014,575102
US,2023-12-29,1052.5634484308137,1060.7548752094237,1039.5043081918652,1042.811902432842,301479
US,2024-01-01,1041.6522393408547,1074.851019480933,1038.6256763563715,1067.2892824374442,340441
US,2024-01-02,1062.8712987908366,1072.4021322413691,1059.5952821185006,1069.3222765039939,421529
US,2024-01-03,1061.482196235599,1083.0777810873733,1060.096943510814,1079.9669738211062,164172
US,2024-01-04,1088.277642055133,1091.2547049343582,1073.1099879587332,1074.3906379337616,396497
US,2024-01-05,1074.9477249847466,1078.5891474923455,1062.061967061855,1066.956663882739,605027
US,2024-01-08,1063.3158097049172,1075.0857533080161,1059.2374142307617,1066.6769845522676,411138
US,2024-01-09,1069.7756133925272,1084.2882110231894,1063.5245393178802,1078.7933839514308,193840
US,2024-01-10,1081.836347762447,1089.04521417261,1063.977788111959,1068.4028558124567,569893
US,2024-01-11,1071.872353020436,1074.9612032877028,1046.7876690933128,1056.267484407764,867051
US,2024-01-12,1052.8942508522503,1053.452091144259,1041.752217937968,1049.1345008237518,565052
US,2024-01-15,1045.3618652798589,1055.3242796025097,1039.5252012585468,1052.22580451721,159702
US,2024-01-16,1051.1655801543789,1061.7072464465423,1044.0022971824142,1060.4664746891583,312281
US,2024-01-17,1055.0734637192647,1056.2656092025334,1037.8121044247084,1038.3169286547397,546176
US,2024-01-18,1041.6744441336461,1056.5669834424918,1030.899344689519,1031.7486415413844,471889
US,2024-01-19,1029.8113586723634,1034.76035698202,1020.3819534445446,1034.1755451557829,373497
US,2024-01-22,1033.6567888490627,1053.9193647603204,1033.3698126266231,1046.8788376069535,413979
US,2024-01-23,1041.8139254463747,1060.2126737612427,1033.0818504093036,1054.8883412272576,809267
US,2024-01-24,1056.1975975650882,1062.3027123642842,1031.436655659961,1033.097021826589,575571
US,2024-01-25,1033.8544878130003,1058.5548526256594,1030.3090523927888,1050.0082607822296,226767
US,2024-01-26,1052.4688129433764,1065.1261532096414,1049.4320600202182,1062.4621660979822,544451
US,2024-01-29,1065.6190032624127,1092.9792706473959,1063.264188865385,1081.96683684145,286742
US,2024-01-30,1082.9220871347356,1085.0458615817406,1075.1776828771604,1084.171180011642,631074
US,2024-01-31,1086.7307702632795,1088.4630396362782,1074.1887113171354,1081.801261237497,506255
US,2024-02-01,1077.219376892368,1085.6804835916023,1070.0989814014545,1083.048794533579,537169
US,2024-02-02,1085.9574007792621,1096.7503935180057,1079.6515639687061,1091.1518476956005,390554
US,2024-02-05,1093.138133013047,1099.6505656345116,1064.3094774466995,1072.1436487502706,260595
US,2024-02-06,1074.3442045671684,1083.203549396494,1057.762006039277,1061.9573795202964,299136
US,2024-02-07,1065.1727188964921,1075.247510501594,1061.1832500811227,1069.9400024407157,478514
US,2024-02-08,1067.6402712052009,1074.6918630022553,1067.1154819935623,1068.9394561738984,183323
US,2024-02-09,1066.7250641177097,1079.6104489842305,1060.835870502323,1073.1325659707477,277813
US,2024-02-12,1075.4586753165775,1080.0246263695865,1066.2402821452722,1076.9472421819398,623981
US,2024-02-13,1079.466890289861,1099.3925759636102,1068.3592413582167,1098.005169937243,567574
US,2024-02-14,1101.1804482114858,1125.28115422806,1095.2891830236802,1121.8680628070535,433577
US,2024-02-15,1124.2563900023738,1135.14426819271,1113.4183687412378,1118.7656035598632,255234
US,2024-02-16,1118.6145680664288,1118.73738782789,1099.4830675839876,1104.5592289932981,577559
US,2024-02-19,1104.0322292442722,1117.8703032699484,1098.8327505017821,1113.6334054927859,604955
US,2024-02-20,1113.3235449813965,1116.1393828921052,1101.1822170718585,1115.2568939155005,297041
US,2024-02-21,1117.7352850101968,1129.5753686219832,1115.581577242302,1121.5127100412142,368801
US,2024-02-22,1121.1121583954366,1145.1997987270697,1111.410734944348,1142.587336219288,539693
US,2024-02-23,1143.985343395429,1160.507602542751,1134.5573141511168,1152.0631357183267,226954
US,2024-02-26,1150.4803133088114,1169.7202594809478,1147.8136423182943,1165.8978466929327,523579
US,2024-02-27,1162.5340463202174,1170.870480954656,1159.488203936099,1167.2342249918543,312840
US,2024-02-28,1163.9842022778162,1170.1997028904516,1145.9303223273903,1158.2099367230387,916926
US,2024-02-29,1158.7180189755895,1160.0342766842484,1135.850441564456,1140.89380491396,361092
US,2024-03-01,1141.4695818242194,1143.0940391810454,1113.3825612978746,1115.222397495193,574547
US,2024-03-04,1117.4145731163233,1128.4340874119196,1107.91467839601,1123.707981169431,348949
US,2024-03-05,1128.4756917023974,1134.9723406687438,1122.7824390161002,1129.399059804625,673811
US,2024-03-06,1125.9107544541173,1133.4823152492863,1100.9986594681989,1102.3368570039722,257263
US,2024-03-07,1102.7264359033802,1114.3639738137165,1096.6451392790264,1105.6903168025603,351545
US,2024-03-08,1111.5680055793778,1114.389035851791,1101.9139573379812,1104.733434309272,407158
US,2024-03-11,1104.7180484795986,1118.66926742175,1099.119246859851,1106.943803999005,369567
US,2024-03-12,1107.621398666936,1123.5733431171507,1104.1062436795046,1109.7090190048268,610914
US,2024-03-13,1111.4469720874156,1117.7237969283642,1098.7873376679754,1109.0358172292274,208065
US,2024-03-14,1104.2096784536263,1117.6210128783373,1102.4663777093158,1107.5519397407952,721228
US,2024-03-15,1106.0338850239345,1117.9583318065447,1102.0578150981898,1112.4705976633722,283645
US,2024-03-18,1116.8719325652528,1124.3578625429222,1114.5088855225338,1123.809240494243,198312
US,2024-03-19,1121.9908989271455,1126.8847679822488,1116.7082643865954,1125.9940326704889,535635
US,2024-03-20,1126.6640836124468,1130.6612890844767,1114.0549734248614,1119.0089230378912,157066
US,2024-03-21,1117.2452467896026,1122.6508398553738,1112.0125818585448,1121.2233691525955,165515
US,2024-03-22,1122.6700434550187,1123.7578661527523,1098.8528107501259,1106.2414904576526,207048
US,2024-03-25,1109.9141219747082,1124.169016512512,1106.5317320150214,1117.6739854829734,333296
US,2024-03-26,1118.7821951803255,1129.2346558497009,1116.5598513957057,1117.4673350408239,587804
US,2024-03-27,1111.930867834299,1122.4304264022815,1108.1073701286887,1119.4882629205486,295136
US,2024-03-28,1120.9691488488008,1129.435216063893,1117.464292439487,1119.5743977314785,352165
US,2024-03-29,1121.47237865972,1133.1858501260815,1119.2102537172123,1132.7647689566743,350386
US,2024-04-01,1129.951980395843,1142.0225041812098,1129.3537508968839,1141.7396498425796,1060216
US,2024-04-02,1139.5513105996347,1147.6972392610096,1134.5768442220785,1146.6235078935308,1198146
US,2024-04-03,1145.9147931883838,1148.7696740077663,1124.5547962239962,1136.583961834175,313411
US,2024-04-04,1130.9281238460262,1143.6808361694245,1121.4588903735905,1136.4638100768893,897608
US,2024-04-05,1140.7508507108591,1145.6095040254265,1129.7634913427153,1129.9134495985718,614017
US,2024-04-08,1130.5323714662736,1135.8946109088822,1107.510013995093,1115.235204005101,595252
US,2024-04-09,1111.731065692138,1148.5597483962895,1105.855036867539,1138.6634188071912,282934
US,2024-04-10,1135.7568652816396,1157.174826256153,1135.3652697251307,1153.8975872846377,390738
US,2024-04-11,1157.863765988609,1176.194547335371,1156.0045299491403,1168.01463619147,499733
US,2024-04-12,1168.733997510632,1177.6853307572208,1147.2360632914063,1148.2402992525458,948450
US,2024-04-15,1148.6014451123874,1170.0272188181832,1139.8086173639747,1168.9123590316403,240552
US,2024-04-16,1169.4673773804002,1190.9461079693972,1167.7998340502136,1181.162822985463,744366
US,2024-04-17,1182.9599506789823,1192.1855799138034,1179.1053078093375,1185.7021922002725,207985
US,2024-04-18,1189.8065490103381,1196.5210290910065,1184.807212819333,1184.9151499845402,254062
US,2024-04-19,1189.1544191160222,1189.824225128799,1184.7728356020862,1186.089789992294,348791
US,2024-04-22,1185.0249829383745,1206.5281285235772,1183.6909798225406,1200.7792470727827,152594
US,2024-04-23,1202.2271646835213,1212.207979648349,1200.9574103174866,1211.057847297609,515913
US,2024-04-24,1208.2754478427605,1217.378929237889,1206.7387633509954,1209.1305066273019,251186
US,2024-04-25,1207.1687121644782,1220.69701510189,1200.0230269086264,1216.1291497553443,779136
US,2024-04-26,1212.9175826499293,1219.031386760512,1211.7133374063226,1215.1316577912276,475611
US,2024-04-29,1213.332228539705,1241.408704632851,1208.9038967975728,1225.313464141206,404321
US,2024-04-30,1218.0709892576074,1227.1928567357645,1207.3258161612953,1222.0694798974243,464151
US,2024-05-01,1225.580097350059,1231.1020390768988,1209.1217744638059,1212.9231148632268,978416
US,2024-05-02,1211.1963757570443,1226.0627705463423,1210.2226940655517,1219.7304767483447,225946
US,2024-05-03,1222.280013070871,1222.3508969460433,1218.5729264057427,1221.850841332538,775567
US,2024-05-06,1228.351540143501,1230.9733439255965,1217.9809547359432,1219.905741161526,605328
US,2024-05-07,1215.129129735485,1220.9554722464318,1214.2805161799029,1219.812834645431,431323
US,2024-05-08,1217.6036849585435,1219.084286874473,1215.7938122280116,1218.1780426526814,716841
US,2024-05-09,1213.0141297109014,1241.8904222629062,1208.9308870044106,1232.0841847248398,671414
US,2024-05-10,1228.472120426065,1236.909994567669,1223.5239376542872,1235.5920948383753,570576
US,2024-05-13,1235.8482273354653,1240.3865078041638,1222.5551204269582,1224.3130721558703,778855
US,2024-05-14,1219.7154178974606,1246.2483048918439,1211.5577924161764,1233.656940108416,534831
US,2024-05-15,1232.821531409044,1244.8913831859063,1224.679544314669,1228.4335143313915,871575
US,2024-05-16,1222.835072400409,1226.9750850140197,1213.6033951490856,1226.706119168178,825430
US,2024-05-17,1227.4434458985668,1227.7152449014818,1216.2695596279723,1222.0189492653237,862928
US,2024-05-20,1218.447456710862,1224.1199684455496,1203.6448932031428,1207.2583082465517,269104
US,2024-05-21,1206.9745988477391,1218.467205881252,1197.1156559954497,1213.1964030870247,393318
US,2024-05-22,1216.6701640218394,1223.823735717192,1199.4373752712452,1202.369351424358,282866
US,2024-05-23,1200.00615624914,1213.5487176010542,1193.2632851850487,1204.8627125292003,231973
US,2024-05-24,1202.688327379311,1212.3974236001127,1202.356010654848,1208.2103069621155,458238
US,2024-05-27,1205.6258466535849,1234.290689179235,1201.139186445206,1227.7325248476307,230757
US,2024-05-28,1229.3124980942086,1234.4099259311201,1212.40601226695,1217.3186164373792,410314
US,2024-05-29,1213.2727702145069,1217.5138151823826,1207.5455361984705,1208.9638723721891,164090
US,2024-05-30,1207.9049338178502,1240.1705307387342,1207.4589989473666,1228.7645810660592,1157435
US,2024-05-31,1229.2409410587863,1231.3661018390226,1200.5167299120083,1208.1744378546127,778881
US,2024-06-03,1203.9757982819524,1206.324096974402,1201.0601021902987,1204.6354798081838,833667
US,2024-06-04,1204.7345208414185,1208.2119987366673,1197.2584470852228,1207.5195220843327,512609
US,2024-06-05,1204.7190881384288,1224.4960084209074,1199.872468437269,1221.9591005805178,489373
US,2024-06-06,1222.8652968735068,1238.7682576860682,1221.9685637947362,1235.535926428631,873385
US,2024-06-07,1239.0191435899826,1256.2830685337676,1231.336628405135,1252.3155719519398,370791
US,2024-06-10,1255.1331964361107,1264.4550944847288,1243.1502387501955,1257.6296289060072,268756
US,2024-06-11,1260.3668704885008,1263.5513486909829,1235.7092475817794,1237.1003730313391,163162
US,2024-06-12,1229.0698427071443,1238.02688257958,1227.2467938609848,1231.9974073694657,467388
US,2024-06-13,1235.0563171488166,1235.9809615443828,1227.7703221006766,1231.4458743212906,362813
US,2024-06-14,1226.2818170293933,1237.601373285061,1226.0852169140435,1233.4803105515466,762415
US,2024-06-17,1229.880353480228,1252.7275447727382,1225.7576471377633,1247.9679972694114,544082
US,2024-06-18,1247.9914531281843,1254.3020084864766,1238.2327820198097,1243.1940590432355,595267
US,2024-06-19,1236.9545804588556,1252.459911087746,1232.7640672953844,1249.0246704393198,1102068
US,2024-06-20,1255.5443302895947,1260.7170184091929,1242.511088448249,1244.2341095384813,1056104
US,2024-06-21,1244.3898589581133,1263.3804087502178,1232.7539079193423,1256.2725381280713,220773
US,2024-06-24,1256.0607721201602,1266.2835015407663,1235.170365616333,1238.5180058649303,414281
US,2024-06-25,1242.1501139235095,1253.9638193314452,1234.6134308077599,1249.2607244363487,751860
US,2024-06-26,1254.4362513647784,1267.492783770829,1247.7990860022442,1262.4180497649913,870745
US,2024-06-27,1263.5559230148529,1265.7392124754263,1253.460008412787,1258.8130961378033,435612
US,2024-06-28,1253.3865723395968,1275.4375080703267,1251.6511091778318,1272.0903871512044,184791
US,2024-07-01,1274.2569716943292,1280.8308400263365,1246.7792694814293,1259.4109084138122,291437
US,2024-07-02,1259.284833263937,1260.885873861844,1255.2628386967936,1257.3630647044818,1992293
US,2024-07-03,1257.578510197047,1261.6153910591518,1255.8438308368054,1258.487402919924,558190
US,2024-07-04,1258.342040240634,1258.6436510802619,1244.8534885887018,1250.3309693100384,608337
US,2024-07-05,1244.406064341646,1259.1952897668978,1228.8292104294198,1228.9380485190993,338004
US,2024-07-08,1220.4166343309646,1220.5649931889623,1203.098129217177,1218.4762023098542,170927
US,2024-07-09,1219.8019169519769,1223.7127963121866,1218.2390012617734,1221.4927084132048,304851
US,2024-07-10,1226.843342786006,1229.2809466338401,1210.3270272695247,1221.4605229207486,925167
US,2024-07-11,1223.4892189600455,1234.149734757655,1223.3118564626682,1232.9782919254765,565867
US,2024-07-12,1235.4561791530266,1239.1358615386575,1226.9805710195456,1230.9255275425026,512769
US,2024-07-15,1229.053478530839,1235.6029809846264,1213.2183256707247,1217.638892364121,493766
US,2024-07-16,1221.8965498004372,1222.177556172398,1195.8764075611589,1200.9786412799467,394882
US,2024-07-17,1201.1816946885208,1207.6184562928495,1176.39753112984,1178.9241990926498,893398
US,2024-07-18,1177.3929343235354,1193.8852053450594,1173.5897534608716,1190.371498482138,575386
US,2024-07-19,1189.1171305198836,1214.1608654253496,1185.4326638678708,1211.724975449166,451075
US,2024-07-22,1212.0690004683797,1217.3078638340107,1191.0064139630188,1199.3605803526787,382358
US,2024-07-23,1200.3764221650356,1201.3998438027113,1193.4759851444564,1197.0818650430137,228217
US,2024-07-24,1193.7636019144866,1222.373064928749,1184.4896883494898,1218.1382167179363,300304
US,2024-07-25,1222.986450290774,1227.3785548237927,1202.7429660919827,1211.6580533339268,1905094
US,2024-07-26,1214.6049858389106,1221.785712849029,1210.8821525662493,1215.908573171312,263813
US,2024-07-29,1213.1186483859592,1214.046799634308,1205.827533098224,1207.8115686593412,588887
US,2024-07-30,1207.2635994613279,1244.169765218478,1203.875246245432,1242.058916404924,554584
US,2024-07-31,1239.3810442662207,1246.6980568494796,1217.7650722288654,1223.9683788881975,548650
US,2024-08-01,1221.0711691878273,1250.106342630255,1220.3103054811563,1245.1524255665117,338979
US,2024-08-02,1249.5667315230774,1267.3337250706377,1246.4570864930809,1250.8302855445438,210893
US,2024-08-05,1249.6314974985828,1268.3428006305478,1243.0992863693343,1259.2392661343356,285224
US,2024-08-06,1259.2848999734854,1272.3218168383132,1256.9351929621603,1268.2762445058565,268447
US,2024-08-07,1258.1598608377853,1276.480070159616,1246.9568790750661,1271.7673215519608,213740
US,2024-08-08,1270.0988652817634,1275.2853054928805,1269.622514465714,1274.6886187784887,327960
US,2024-08-09,1268.5181638725553,1277.6383072627218,1260.1039268748323,1268.4383534351973,550637
US,2024-08-12,1274.7217558324894,1274.829096604973,1249.5685191994905,1254.014008946297,382755
US,2024-08-13,1255.8922400760664,1258.7983613931196,1237.6334331167304,1252.897422474951,415471
US,2024-08-14,1247.7376874869728,1255.3784755630402,1245.840108410113,1250.985426297537,372564
US,2024-08-15,1242.6656072519588,1249.6740575085362,1239.0147351253584,1249.1450376491457,277995
US,2024-08-16,1248.7916882388108,1266.2947710493388,1237.566428484483,1263.2932274808068,523358
US,2024-08-19,1259.155836258126,1275.9777045091234,1250.6432176840806,1263.1404504747459,326704
US,2024-08-20,1261.3717203052518,1271.9761053211635,1254.2384268792805,1270.5733126993232,264245
US,2024-08-21,1276.1827753094838,1282.1261647216402,1252.8478846612218,1261.7350612057055,336944
US,2024-08-22,1264.2780759487018,1272.0854699703202,1259.2353237619086,1265.0867862944267,323141
US,2024-08-23,1265.7110141991523,1272.5510774256988,1259.3933211402732,1270.7335956160225,366000
US,2024-08-26,1273.7556834883987,1275.8833532863846,1265.5769730367163,1267.6993153519993,1056119
US,2024-08-27,1273.4007448796765,1283.3621597205854,1256.3777079350693,1264.6432264395962,530740
US,2024-08-28,1262.062925324585,1271.801062818158,1257.7398744733655,1258.4734240423916,376931
US,2024-08-29,1255.2854114052234,1278.659167139727,1252.266028661502,1278.0282228420258,729146
US,2024-08-30,1273.3390285658777,1298.7411566645692,1267.8151330315116,1290.5322653226442,421350
US,2024-09-02,1294.3243930153112,1301.7835997509444,1283.6473490739463,1286.833678998299,270632
US,2024-09-03,1285.9784633339832,1288.3558803065123,1280.5807944719097,1285.9028164008052,580743
US,2024-09-04,1283.7676994991518,1295.1380212941476,1273.4216360833154,1284.3877455953861,548255
US,2024-09-05,1287.9102435662207,1291.0764426171502,1268.7196762205763,1286.3684323067812,544540
US,2024-09-06,1286.553755246062,1308.0906180847123,1285.1961538560574,1307.0565426375965,86228
US,2024-09-09,1307.7939392352857,1340.385083482113,1304.6778534145026,1331.9973482579699,237436
US,2024-09-10,1327.0785203663982,1336.6684777257972,1315.6132102764261,1323.2060025280082,431502
US,2024-09-11,1323.943089053898,1327.6882149957075,1305.5027066023656,1312.116886561624,384401
US,2024-09-12,1312.2380225304153,1313.2988786008095,1282.545969612202,1297.2201462174598,616463
US,2024-09-13,1298.4259247825332,1308.2743499086387,1290.5779248710783,1292.6095694667486,379189
US,2024-09-16,1289.9971108258746,1294.113021526909,1268.2914022299287,1277.892612219241,546312
US,2024-09-17,1270.8285641228279,1276.9022437358306,1246.7342675334237,1257.5980575983965,971336
US,2024-09-18,1256.4999150482263,1260.9899898321935,1250.1585444855189,1252.055615030837,569432
US,2024-09-19,1253.4685122738638,1255.793780174835,1251.0861607866186,1252.914462799051,274765
US,2024-09-20,1256.5036114644006,1268.7800088464046,1251.9040111004833,1261.991542186772,665599
US,2024-09-23,1268.5084125254987,1271.487559338876,1252.0673213075374,1253.7338894091265,312546
US,2024-09-24,1247.859467878026,1259.041536290091,1239.90196165007,1256.7110046639818,164101
US,2024-09-25,1257.966204964914,1274.4412463622762,1249.0318240653967,1264.1196365269827,204629
US,2024-09-26,1259.9273539349151,1272.2198362556276,1247.8283964312745,1250.3980856426595,203296
US,2024-09-27,1250.3484933664126,1252.6755899569455,1237.7370093630282,1242.3947637374426,511488
US,2024-09-30,1241.873621362611,1244.6611801564845,1223.219382921672,1226.4240859281954,701856
US,2024-10-01,1230.0279824988872,1237.4812530303964,1214.4617744789334,1234.009327403207,594524
US,2024-10-02,1228.7936205807898,1245.8718808507308,1225.6481719055696,1244.6362817823576,554270
US,2024-10-03,1243.296472993627,1250.1367539359696,1231.1663745275835,1237.119737478509,522339
US,2024-10-04,1231.330322380705,1239.5354723314179,1228.5549857186334,1238.504892391397,228444
US,2024-10-07,1237.0902694539586,1255.6834902339017,1236.8652386383915,1249.5622879887896,375445
US,2024-10-08,1243.4734329766404,1245.872158133101,1238.5638361064298,1243.9577202475487,588511
US,2024-10-09,1251.5629749842376,1255.9537876552513,1247.5561265375502,1252.434136791343,430271
US,2024-10-10,1244.8473141331128,1264.5178683402441,1240.2560185714392,1258.7802869251468,328502
US,2024-10-11,1259.2581405677367,1277.266172870375,1258.4600876259606,1266.1515927589976,256055
US,2024-10-14,1262.9675330183538,1264.168222980832,1249.557253951247,1258.2931645282886,409367
US,2024-10-15,1254.9702568480611,1258.948805212095,1234.208997557743,1240.4505287268385,472387
US,2024-10-16,1241.4048167358364,1267.717357218942,1231.8297847861413,1251.457956710676,1360728
US,2024-10-17,1258.2397982983614,1276.1909316216002,1252.0338286499289,1269.092352690156,706381
US,2024-10-18,1267.8999809413203,1294.248375951953,1264.7727600328037,1291.2384972941272,339075
US,2024-10-21,1291.2413960814044,1297.3590547452332,1262.4032419252364,1275.8372732438515,559363
US,2024-10-22,1278.9800594420703,1284.4170815301065,1259.3438287285328,1274.7473022512931,831828
US,2024-10-23,1270.601538694837,1308.921655973648,1269.7160620500943,1300.4593447063962,253888
US,2024-10-24,1305.3580506838182,1310.1241118388816,1278.7021429087954,1290.065343401939,242582
US,2024-10-25,1288.7991683255482,1296.039377732916,1276.7388056305183,1278.0153192731009,654643
US,2024-10-28,1277.1270172535346,1290.27039296882,1264.124784457685,1283.3658817182493,1215944
US,2024-10-29,1288.2105546936675,1289.3810055950032,1274.4701135409973,1275.8856010142595,788147
US,2024-10-30,1278.1405391904577,1289.071379941166,1276.822109949968,1288.7628243807171,350189
US,2024-10-31,1287.931409268516,1298.3356716428286,1269.3939865704806,1269.4874253759929,519512
US,2024-11-01,1270.15610100982,1270.7729577621737,1265.3577153224335,1267.9312199552785,345588
US,2024-11-04,1268.8576200629125,1277.3567401473006,1258.729419415103,1263.3131310249403,289329
US,2024-11-05,1266.6089018019636,1269.7074837626162,1257.099018970639,1258.376780427523,915092
US,2024-11-06,1256.9873024832004,1269.3323915223539,1255.9314193585528,1260.8357897486264,224063
US,2024-11-07,1258.3004401541025,1267.1701008635496,1256.3687375300462,1260.1621350797184,278650
US,2024-11-08,1258.9259636808758,1273.469976460853,1243.809281918171,1247.7194766526998,648951
US,2024-11-11,1246.9499078796437,1281.0359172244491,1241.53434966675,1263.3499414019693,273703
US,2024-11-12,1262.6751088048857,1264.7696157201085,1252.741640872225,1253.7320409376796,328009
US,2024-11-13,1250.6127752454324,1271.5510605254146,1237.3359966624603,1270.5715847681631,808439
US,2024-11-14,1266.751441941696,1290.0891822956746,1263.9481437284362,1276.755365856465,375048
US,2024-11-15,1275.840651980163,1278.8502853314183,1258.640455651104,1258.778102022664,604184
US,2024-11-18,1265.0808258867398,1279.9877928163783,1254.9735768938187,1256.957644250349,291008
US,2024-11-19,1256.9872675263896,1298.054706103668,1251.7816843732246,1285.734919527817,563424
US,2024-11-20,1294.4417624725777,1305.0203312101928,1280.1053006601094,1299.705709247229,470674
US,2024-11-21,1305.582136556417,1308.728760425605,1274.7340327200543,1282.2747900817315,707925
US,2024-11-22,1284.223845045631,1286.0645182136627,1267.3274615802463,1275.0658380115206,421967
US,2024-11-25,1282.0483981718357,1284.9138668493356,1271.6822409843546,1275.7249655794178,687676
US,2024-11-26,1272.0698740263624,1277.4811923404504,1270.365355464705,1270.9917484024136,422377
US,2024-11-27,1269.4470156210818,1300.776508097646,1260.1195007626836,1291.2946457208811,1014921
US,2024-11-28,1297.6057443651923,1302.2633362390052,1279.3347664010794,1287.994708702212,739277
US,2024-11-29,1285.7707371935137,1300.1164397926334,1282.6283576420224,1296.4252606607145,584901
US,2024-12-02,1302.8415573865625,1309.4577703948758,1301.9947336878029,1309.1505531061161,261301
US,2024-12-03,1315.1926513088677,1325.8115027598228,1312.1808174738374,1324.065204424827,660762
US,2024-12-04,1321.4738339069286,1331.2223708140082,1316.0732538153816,1324.3292380376333,360817
US,2024-12-05,1334.0546273187965,1340.8737955620318,1321.2165370335947,1329.4417836669047,485170
US,2024-12-06,1320.943071035612,1353.033110856115,1315.94209691076,1352.5767283802454,1185646
US,2024-12-09,1353.116102718961,1386.4838349943268,1351.0168889346317,1367.7271840635813,396908
US,2024-12-10,1371.3397273420226,1381.7483608270957,1359.5877034403866,1373.2772152652296,505655
US,2024-12-11,1380.0289948379875,1396.1471953143296,1371.545675501674,1391.2762376866071,326151
US,2024-12-12,1393.3319947993898,1397.2300110691576,1352.0631228199734,1354.8727710653195,564251
US,2024-12-13,1358.9728546960735,1362.457979074187,1355.2777932385948,1356.835093734435,812074
US,2024-12-16,1359.294134448359,1394.3735188386315,1358.4108578663756,1394.1296378805146,896047
US,2024-12-17,1391.364115055204,1411.5881917791885,1382.647420861059,1407.5953209143138,512231
US,2024-12-18,1408.1025418960728,1433.0612640851073,1407.002893772546,1427.92228417581,444835
US,2024-12-19,1426.0741926532603,1434.7703476440904,1397.303255781634,1407.111751722073,221882
US,2024-12-20,1406.3706132898471,1416.2585108251774,1404.0960364079672,1413.6258178761304,345805
US,2024-12-23,1414.8530225310617,1418.785526096342,1393.5408808755883,1404.1545769447848,390561
US,2024-12-24,1406.9717445048984,1411.9846453876517,1399.2788475452446,1399.6079599153297,369748
US,2024-12-25,1398.2766691345844,1418.6645161875956,1384.3245400481321,1407.7965132594466,1091363
US,2024-12-26,1406.5006673192297,1427.1090131711123,1398.4335031454525,1426.7711015623029,351414
US,2024-12-27,1424.189323092847,1425.4832813880696,1406.1376536387074,1412.736674545121,475719
US,2024-12-30,1405.811642076193,1415.969577103045,1394.890849433281,1401.4771922585917,766408
US,2024-12-31,1400.2446828522868,1413.5616707623833,1379.065344034932,1381.8548049043516,488369
US,2025-01-01,1383.4227094941236,1387.0841749271235,1356.06942183877,1359.059333729026,615529
US,2025-01-02,1356.6787590678318,1361.1236349128442,1339.2102778046876,1340.5078025679627,351695
US,2025-01-03,1344.364437716702,1344.515514287981,1327.63090380363,1336.9550539336547,744206
US,2025-01-06,1343.7058632251542,1346.4059831173413,1330.871475946007,1334.5799391569421,667827
US,2025-01-07,1333.279334007407,1338.9994073263751,1306.2416076865654,1311.7850812210531,221500
US,2025-01-08,1311.3572572102544,1317.845298617526,1302.5337783563054,1304.5712208773264,374711
US,2025-01-09,1297.8743285156238,1317.562758912265,1291.7245513941994,1312.2927767339008,259165
US,2025-01-10,1307.5025700963645,1321.4209052844828,1303.0850393229807,1304.2905480333454,280864
US,2025-01-13,1304.5150401531725,1310.6684337027716,1296.822472712127,1310.4346853162688,449446
US,2025-01-14,1311.1791410523574,1342.582520800482,1304.3347345846678,1329.4448039746637,481550
US,2025-01-15,1329.7233522956008,1332.9445942995874,1327.0468203201062,1330.5063356007588,1251171
US,2025-01-16,1325.818284632945,1369.6950493739491,1312.8975984185993,1364.5900469732503,321280
US,2025-01-17,1363.166649365994,1366.5763094606739,1349.0430665479903,1353.3445966374782,736390
US,2025-01-20,1357.1824116435744,1370.242401649899,1355.2500426641636,1366.109023728265,780148
US,2025-01-21,1362.4680607055618,1385.3615119086596,1350.8880441965343,1382.4105648509878,609507
US,2025-01-22,1383.1579879744095,1398.2108412504062,1373.2784415554802,1378.1181771159124,154018
US,2025-01-23,1381.468685398099,1388.220805129021,1372.25670685472,1377.8758121178541,573207
US,2025-01-24,1378.7146951405318,1386.8456674420136,1367.031685510347,1372.9223124802425,243227
US,2025-01-27,1370.5919796053638,1375.1986440364467,1362.296969127369,1371.0672885978527,457504
US,2025-01-28,1378.4568988683498,1383.0071596467453,1370.3528534589057,1371.7570479383703,494007
US,2025-01-29,1375.1220943816397,1384.334262407702,1361.988422749586,1381.6758195706204,688102
US,2025-01-30,1388.7118001272945,1427.381782196672,1383.6653539969982,1418.0165136096302,475578
US,2025-01-31,1416.9451045556493,1430.2228281499172,1405.6986503011153,1420.9945458592772,521520
US,2025-02-03,1423.576399537045,1435.2034982078849,1421.1369334896626,1427.7942812603483,132580
US,2025-02-04,1431.003000987976,1454.4693321785755,1421.050902179268,1445.3460035482194,929025
US,2025-02-05,1440.9903005874232,1441.690821292643,1422.6779696732335,1422.803078806175,1027661
US,2025-02-06,1424.4936740722726,1430.5018756880888,1404.6536134656842,1405.2437588312994,677716
US,2025-02-07,1411.0942929575021,1430.4210525785882,1404.8269092010278,1424.675749787857,340010
US,2025-02-10,1420.5400802110225,1440.0267802285691,1412.7461497741028,1436.9503917000884,677725
US,2025-02-11,1436.5326617927628,1443.503828998556,1436.4578268848427,1441.2710400334347,390681
US,2025-02-12,1444.0617328462722,1463.808680789469,1443.664156924218,1458.9022536196503,707452
US,2025-02-13,1454.1345958259749,1476.8628962569646,1442.5892198898173,1465.413532634742,328100
US,2025-02-14,1469.287835174661,1489.9986853361129,1464.1031819693085,1471.1501935374386,996543
US,2025-02-17,1464.9099582089057,1471.333923102616,1462.1570741450944,1467.0904826119158,233701
US,2025-02-18,1470.1301228418247,1470.373129231666,1448.9831604107435,1461.4795773141525,502482
US,2025-02-19,1465.2529589024389,1469.8470611293671,1448.0869048860698,1453.1120805681414,578667
US,2025-02-20,1449.9613771662805,1465.3578444213465,1407.3439448534496,1414.51987139217,541008
US,2025-02-21,1407.8651336536993,1412.5861073846816,1402.4429756924303,1402.9060733064205,396201
US,2025-02-24,1403.5115365374234,1417.9285488428566,1401.136883604922,1406.238887353153,847536
US,2025-02-25,1400.2163075402204,1419.070624305669,1393.4439034795898,1411.2091669773388,320493
US,2025-02-26,1408.0744964211037,1438.5820847832467,1398.575139501684,1431.8837500295485,656749
US,2025-02-27,1433.8196213973715,1437.328730836542,1404.5479633076234,1405.4121298061282,285326
US,2025-02-28,1408.0093432910078,1410.2281786302203,1380.0508943265406,1382.2679418911296,361303
US,2025-03-03,1386.491724746473,1400.844954595128,1377.6146132695292,1394.9019091323955,357405
US,2025-03-04,1397.2975177742944,1406.5071804667352,1381.211684896758,1404.157779236903,270882
US,2025-03-05,1403.780584814868,1405.456423999391,1385.8430707583027,1387.0172228859046,1163065
US,2025-03-06,1387.3731843451355,1396.4075734344915,1385.5712615848881,1393.4224714557415,318035
US,2025-03-07,1389.0830944300258,1395.4420935016044,1377.6509994192968,1379.3277887297193,774375
US,2025-03-10,1372.1143909469135,1387.0109178858452,1364.312076107142,1382.4612647504543,567656
US,2025-03-11,1385.5546069590782,1389.6886598511333,1368.8288009676917,1374.0773073719683,591749
US,2025-03-12,1377.1138994322637,1381.6385409207403,1372.8419063798092,1375.726193886497,339379
US,2025-03-13,1374.7120043717116,1390.0725118215873,1348.740897303539,1361.3321720210129,467566
US,2025-03-14,1362.2837362812627,1372.075343831,1360.6186513857385,1362.2842135220137,327467
US,2025-03-17,1366.1651453519612,1367.2343460073628,1334.3143750196807,1338.211868326143,569957
US,2025-03-18,1336.4315496725542,1371.273825535516,1325.561153519185,1365.6141884693561,267830
US,2025-03-19,1363.798161053031,1392.7535090457366,1355.7074004881356,1379.6300660933189,176885
US,2025-03-20,1384.43142254915,1391.4333474008238,1374.9605714988077,1375.0163271257302,240202
US,2025-03-21,1375.8299476223333,1377.6619208284055,1368.8722557769536,1368.9712138662512,372691
US,2025-03-24,1369.9240600480491,1379.2413238777833,1368.8877204688638,1373.2973496874238,174028
US,2025-03-25,1377.6856266092434,1385.1989649882516,1349.5478944763272,1367.5636492752317,553509
US,2025-03-26,1362.5546859376338,1363.6064559237338,1336.1260150317826,1346.9645353965739,235396
US,2025-03-27,1345.1578440215744,1352.693764931875,1322.8043401898572,1330.0992119522987,309149
US,2025-03-28,1326.4638788684529,1331.3312887731765,1320.4957011324323,1325.714924883361,300676
US,2025-03-31,1323.5406401042821,1332.711810767369,1320.1888840182348,1327.5338598620838,265582
US,2025-04-01,1320.5782781780342,1347.2930607141468,1311.1196478266982,1339.8388491557366,420100
US,2025-04-02,1335.4846891234772,1357.425891241743,1331.1632392812753,1352.0545466678718,579921
US,2025-04-03,1356.2547211592055,1358.3967478595075,1348.2927582411635,1352.7100896066042,252965
US,2025-04-04,1353.4831817131492,1372.3889921922403,1352.6846485047774,1357.049741396877,252119
US,2025-04-07,1364.8087322419378,1369.5640760653548,1330.084508189431,1336.6141569129966,191092
US,2025-04-08,1331.429146513125,1339.3022523039363,1321.484896639021,1335.376373627706,394547
US,2025-04-09,1337.545120791141,1345.3064566731725,1320.3568445814105,1326.7333497485085,299222
US,2025-04-10,1324.0670898319108,1324.2183018789274,1316.8475859037246,1322.0317111959823,898707
US,2025-04-11,1321.1914073783396,1340.7898350278238,1321.0379305004542,1337.4890745780845,246886
US,2025-04-14,1339.8073665028408,1344.3493682203327,1319.5106927661063,1321.981837235127,488399
US,2025-04-15,1329.2218189447508,1329.368553563756,1306.6684396902103,1313.411177137113,692864
US,2025-04-16,1317.9357831543466,1329.3058731341011,1291.4727696539526,1293.7666955305524,422848
US,2025-04-17,1299.8742848213594,1314.2265302936405,1280.497828167936,1285.0248415183103,382246
US,2025-04-18,1280.025156841773,1282.3022476496578,1263.8312938614167,1268.4569541973353,696879
US,2025-04-21,1268.3350645025535,1274.4931693936358,1267.1757859506617,1273.099375485084,389039
US,2025-04-22,1274.820535460466,1291.5448315963827,1274.2543105561317,1287.7583305913247,491820
US,2025-04-23,1290.815423450463,1294.7371061498345,1285.1900685376947,1290.026274548009,658704
US,2025-04-24,1288.8999159534246,1297.278753714207,1282.3030144978684,1285.0760260110214,788273
US,2025-04-25,1285.0927859708281,1287.5291934252828,1274.6058777355026,1279.4436703885458,233936
US,2025-04-28,1283.840488730864,1288.1500366118185,1264.126530956869,1267.3076055127997,383182
US,2025-04-29,1267.1727411013094,1267.4103659104492,1240.7264294823756,1250.4827917493003,380761
US,2025-04-30,1253.50814046878,1254.5070422538668,1241.2166286860734,1241.6199803915376,382576
US,2025-05-01,1245.4936006821742,1262.389962319911,1240.1982453773135,1259.8944213349716,340244
US,2025-05-02,1259.297910867632,1272.8168654605652,1251.8975169379235,1266.807579253645,362355
US,2025-05-05,1267.0581977440017,1278.1822368816,1265.8187171699244,1277.4996652760622,495941
US,2025-05-06,1277.06500542184,1296.574897768399,1272.373180474237,1295.8162988168222,265288
US,2025-05-07,1292.0649023562144,1310.6123706555793,1284.8513051030673,1302.7402987433488,251595
US,2025-05-08,1301.3716751152551,1305.6898197466153,1289.7550630017183,1294.027783257779,1313045
US,2025-05-09,1295.240193145976,1307.8920672771885,1291.3633855276885,1293.8506765661145,654997
US,2025-05-12,1289.2853908259985,1306.2704328519133,1279.1136249468484,1300.654601580712,196824
US,2025-05-13,1294.2697581729344,1300.1492367589558,1280.6170826328764,1296.376136029111,183046
US,2025-05-14,1302.8920054946486,1305.7711551840919,1300.9862411683443,1302.5377521239186,292509
US,2025-05-15,1304.1592318780397,1306.1413979335498,1287.5950635858594,1293.8163412761282,931560
US,2025-05-16,1296.6574512700681,1307.7772669165508,1294.5084207875007,1304.5704408970412,348333
US,2025-05-19,1299.8504163518398,1319.4025296287214,1293.4637852696446,1317.1244709798848,466027
US,2025-05-20,1322.1308789253146,1325.5294287024064,1301.5782048219428,1307.8622588823137,755755
US,2025-05-21,1312.5076009669713,1312.8695429808918,1292.7054789487254,1295.6084835730321,454450
US,2025-05-22,1293.228459867223,1296.5735520816852,1274.3802893955246,1278.7502575853143,378330
US,2025-05-23,1279.531448749484,1281.1269721670799,1272.1294779768593,1276.2137128643,826398
US,2025-05-26,1281.0314414629315,1291.2728987250002,1271.156435982982,1289.6615672862556,754073
US,2025-05-27,1288.575784769087,1297.9239521005222,1287.7150545576073,1290.3603215981848,707847
US,2025-05-28,1288.814045650956,1295.7935704571698,1285.231726102393,1289.9176778686438,915237
US,2025-05-29,1293.0551793871603,1297.4909150528213,1282.7532589343477,1285.274555507238,221449
US,2025-05-30,1287.0642435068048,1304.8977359848577,1282.3888462309562,1300.1186270210267,1066203
US,2025-06-02,1303.038601212463,1305.4363848502019,1285.4167887452127,1293.596989110562,637628
US,2025-06-03,1299.9576266508313,1310.016615874495,1296.3981797229885,1307.1062210146792,225781
US,2025-06-04,1304.5556636715296,1335.3349710690013,1294.809934011398,1325.1094581196,1839454
US,2025-06-05,1325.882484979331,1331.7827773674996,1304.2092171371764,1314.3560894615557,504276
US,2025-06-06,1315.9853906751987,1317.6305844138928,1297.5763841754479,1301.8975110143913,404485
US,2025-06-09,1307.6326951065284,1314.4587867382916,1297.3517818130733,1311.0923480104761,658559
US,2025-06-10,1313.8829830140473,1325.03282460134,1305.329260871279,1318.1686865813074,368024
US,2025-06-11,1316.5273227962164,1318.193219798521,1297.9529088328811,1302.8947598914015,1096217
US,2025-06-12,1307.6163200064116,1311.70523088047,1290.239689108781,1296.0376007679604,1070630
US,2025-06-13,1297.849235543855,1299.0672895176408,1289.177451658766,1296.7934648113287,520094
US,2025-06-16,1296.374247177202,1303.9954779988698,1290.5861849197684,1303.2493325251428,245343
US,2025-06-17,1303.1283189460528,1306.876636575853,1289.908631930688,1297.0799495611207,371197
US,2025-06-18,1296.661610718792,1298.3183502189665,1290.303452941261,1295.9987120325568,190525
US,2025-06-19,1296.9757408507908,1301.668640884687,1280.5764830586852,1286.757567962641,227571
US,2025-06-20,1284.6554818009438,1294.5248064256655,1273.1885650199893,1276.7326311051208,240322
US,2025-06-23,1284.902135448422,1286.984296807236,1272.1060528321198,1277.5101827490066,207258
US,2025-06-24,1279.0134817527698,1287.228048050168,1276.8007901630797,1286.3724901026715,1239225
US,2025-06-25,1290.8485182666434,1292.0067775307207,1269.9910351414226,1283.2907029591593,415130
US,2025-06-26,1285.0073188548654,1287.2146272200828,1256.863456367578,1257.5676736891598,566917
US,2025-06-27,1255.5379512641764,1271.1485113362144,1243.6875079513427,1263.6834034979208,116962
US,2025-06-30,1267.6902854501177,1269.6841013909761,1236.3829893735322,1240.6745220050368,279017
US,2025-07-01,1239.5172175709108,1254.1008835002194,1234.9188865690357,1253.2916268563606,516947
US,2025-07-02,1253.2336671021515,1268.2629294747887,1245.235093995331,1255.328548486052,369393
US,2025-07-03,1254.2060714558952,1258.8126340315744,1252.3650002304462,1253.5222862415235,845260
US,2025-07-04,1252.0003019910012,1266.8094066523481,1247.7032023117285,1265.9201161896688,256077
US,2025-07-07,1269.1274324778603,1282.7848590554988,1265.554669034489,1279.459099418134,363700
US,2025-07-08,1280.5303962613232,1281.646842361581,1255.589724519394,1255.8398585668235,714568
US,2025-07-09,1249.9473946946778,1284.3542230743524,1248.386953781253,1274.3415111232089,1061352
US,2025-07-10,1269.7802401246988,1279.2121656583686,1256.9337293240828,1277.1916021443076,372028
US,2025-07-11,1280.4152501270275,1299.3299790110766,1275.3115366484656,1298.2339594028251,308487
US,2025-07-14,1295.4505559191618,1309.478074039272,1290.6745509812483,1309.4429730960903,659171
US,2025-07-15,1303.4162316991774,1340.2436452218737,1300.0926734706873,1332.3970545558752,215904
US,2025-07-16,1326.5853070315147,1357.9153898148222,1322.7247429122415,1356.0003713305082,727580
US,2025-07-17,1354.8366338134533,1358.795645800074,1354.4508770150637,1355.444463654703,296619
US,2025-07-18,1359.8684391922297,1361.5589104827363,1337.4282368695608,1342.2702438505937,337853
US,2025-07-21,1348.7276415429747,1356.1527614318516,1333.613694264543,1352.0902550365754,539023
US,2025-07-22,1352.772964809005,1355.8711548142126,1341.513319211375,1355.5317813178901,439241
US,2025-07-23,1358.4307184505294,1364.443112114978,1345.7638712539665,1357.4164927574875,670353
US,2025-07-24,1358.7520920388583,1371.4203957539985,1356.1991219519703,1361.931463727532,1906821
US,2025-07-25,1362.9134600694044,1369.3496307369949,1352.549271386056,1359.1921184760067,715095
US,2025-07-28,1352.6124947839594,1357.5117898368155,1339.095819797943,1345.3649552837555,653695
US,2025-07-29,1343.7721702771455,1365.4776437930548,1336.702863703308,1365.2386146817043,592997
US,2025-07-30,1366.5931952914782,1376.0264919314868,1346.4474581583443,1351.8114356068907,155120
US,2025-07-31,1349.7674552909154,1369.6847576414148,1336.813523863982,1358.6386135572009,496654
US,2025-08-01,1358.6565055291496,1359.7445148077493,1338.2601633614802,1340.094918013602,235152
US,2025-08-04,1342.7486945928838,1366.7360774992374,1331.573677816785,1354.7259095393665,626006
US,2025-08-05,1347.4950939893542,1359.8032416012652,1340.534766182093,1355.1371369290846,304874
US,2025-08-06,1353.693773300965,1356.7210607012387,1332.6195037267203,1337.514666757763,577143
US,2025-08-07,1345.142304096131,1354.9804358038268,1339.5456383842145,1339.5559294066886,626815
US,2025-08-08,1336.450682049632,1347.546718909175,1331.0280823020325,1343.4848145271849,382740
US,2025-08-11,1346.5950559777891,1364.1125181044802,1340.7963943876734,1342.6996069844927,171283
US,2025-08-12,1337.5010478092513,1357.813896816565,1325.8758403606369,1348.7390935947908,580437
US,2025-08-13,1349.9788166190544,1359.073452720671,1335.535003520974,1342.2152713571022,786329
US,2025-08-14,1345.7998418602087,1351.3558120426096,1317.9673058528656,1326.5805694807957,368332
US,2025-08-15,1324.9727329319924,1337.5465397738647,1321.3603918547715,1328.9822056528421,446745
US,2025-08-18,1333.4316201954905,1339.6007540124615,1313.680934727586,1321.4931993088242,601116
US,2025-08-19,1316.5358307153558,1331.8467738673182,1315.7937262576672,1329.9945655219944,331304
US,2025-08-20,1336.1167697278886,1340.3961637774253,1331.5227152815828,1339.876452104567,456410
US,2025-08-21,1338.524444652853,1351.8987438043152,1329.3453560363414,1336.5471465087912,346717
US,2025-08-22,1341.7338222228004,1343.3081768078573,1295.6306321432642,1298.8215786430965,193622
US,2025-08-25,1293.653844682678,1298.89993637495,1291.6293264826936,1298.7651215484439,1610489
US,2025-08-26,1296.7807007006634,1305.5054895265655,1286.7906779697923,1303.0984663410377,611940
US,2025-08-27,1300.6279560316425,1325.799442126897,1291.1509451205004,1315.3648171466773,765225
US,2025-08-28,1313.2740557350696,1335.1826756012902,1312.924167128481,1332.5034545207811,153039
US,2025-08-29,1335.8137098897096,1336.4912468302382,1324.233297046247,1328.916008960439,322861
US,2025-09-01,1337.1051689126334,1341.349038877389,1327.2207066531214,1332.8335812167081,365023
US,2025-09-02,1329.2289304658414,1340.252660691329,1324.0245749689045,1335.1738215883001,549764
US,2025-09-03,1335.7955786768164,1363.3996905615716,1333.8756753992654,1357.104587697359,452789
US,2025-09-04,1354.3382718638327,1359.7899069217228,1347.290240190221,1349.0227698190522,428820
US,2025-09-05,1344.6561696064696,1362.104902493956,1342.403620437669,1351.6026858449254,567096
US,2025-09-08,1348.7514860977567,1358.96490532979,1336.6586011623347,1347.550142286047,536554
US,2025-09-09,1340.54163008569,1366.6161671383181,1339.234908317249,1357.9075746870087,475938
US,2025-09-10,1354.8792072029926,1365.5854423761502,1340.8666614830456,1355.838406770195,233629
US,2025-09-11,1356.8564303177677,1380.8487194690288,1351.5437196910038,1370.2830209541319,351272
US,2025-09-12,1374.5533838800575,1379.8001823690943,1357.6127691710426,1363.4618524026323,270732
US,2025-09-15,1366.4059481644167,1397.289630751543,1361.8319132284873,1392.399186407727,484212
US,2025-09-16,1390.392249303864,1398.626910705147,1389.6673930919058,1390.9178764367075,354972
US,2025-09-17,1393.4743306040061,1398.6275045629868,1377.6368752114065,1381.1249191331062,1235413
US,2025-09-18,1379.201045748878,1392.717091799679,1372.1259622543246,1389.4753336451297,795619
US,2025-09-19,1390.01014432921,1393.5087475751811,1378.1706974728663,1382.6058010416411,354088
US,2025-09-22,1384.1871653001695,1388.2572876446259,1384.0979359800592,1385.4254210917961,618480
US,2025-09-23,1396.8742816932536,1410.9074682279195,1375.0723535814361,1376.6034981637265,335357
US,2025-09-24,1375.8596876683803,1384.387566740421,1360.6683351631182,1365.3699551610334,474634
US,2025-09-25,1359.0951480752499,1361.0524815876438,1333.8848805987695,1352.5896965514846,394491
US,2025-09-26,1353.3209863118936,1360.335032618802,1350.7740293127429,1355.186508234796,288496
US,2025-09-29,1356.2632015398583,1370.3129455167134,1343.529072280221,1349.0477282296142,573124
US,2025-09-30,1347.8610000763326,1348.8841809195696,1339.9526454103327,1344.3425992586328,420235
US,2025-10-01,1345.204804876628,1349.1812914050959,1332.3792721132438,1337.9155556025426,502072
US,2025-10-02,1336.9731568298782,1337.5254487091304,1321.2396484744966,1330.1628310108426,265383
US,2025-10-03,1326.3532844386748,1341.0238341070497,1321.8129193314546,1328.2380046500436,452066
US,2025-10-06,1324.4193099269833,1331.904189228309,1321.1257146962148,1326.006920299829,271218
US,2025-10-07,1328.5902691301337,1351.4948572011494,1318.2232036703106,1339.8738102035718,230485
US,2025-10-08,1335.8727652185862,1348.085928965505,1329.1381175926595,1346.1091966907927,486931
US,2025-10-09,1350.773006350816,1363.4865561884253,1339.6235784517344,1341.004827618765,279094
US,2025-10-10,1337.875853288714,1339.116975195819,1335.6338689918773,1337.4636344600472,568275
US,2025-10-13,1334.433255496551,1343.2927100094623,1333.7025564609735,1340.9369839130227,193638
US,2025-10-14,1344.84706142198,1348.8953329257047,1341.1585936204217,1348.1268661321797,283543
US,2025-10-15,1356.3023917531395,1375.1923651759998,1351.799871294116,1369.395524857903,356642
US,2025-10-16,1369.9466284898572,1392.6018525056566,1369.5843206553807,1379.102580435784,1007017
US,2025-10-17,1385.9276800185096,1396.1525863323977,1385.7009835414015,1386.2498695975687,551147
US,2025-10-20,1387.3958474908154,1397.6866872673766,1386.8849269530763,1396.6983280973207,294438
US,2025-10-21,1399.9506320030823,1404.4429919795737,1389.9395138018774,1397.1512407551731,402040
US,2025-10-22,1396.2093439571627,1422.5418213416713,1392.5270241214284,1420.2079723229388,259955
US,2025-10-23,1430.3310129138315,1431.4482590688765,1416.7619161319733,1424.1334549202093,522807
US,2025-10-24,1417.8644472224169,1446.887490938039,1412.3130562127042,1435.9821264749166,568900
US,2025-10-27,1436.4935365760673,1454.0086554014147,1435.2069542704685,1453.2480353707904,341772
US,2025-10-28,1456.6397265023375,1457.69534783479,1442.0374393657953,1446.4031363519646,953891
US,2025-10-29,1453.7790821638107,1463.9577996720839,1426.4422442851244,1429.170522245638,310810
US,2025-10-30,1419.7630550695858,1440.7936965508945,1413.784485988084,1437.0131517411955,733774
US,2025-10-31,1438.3588859563768,1458.0186477518996,1436.8097319708902,1455.4567861263104,1028026
US,2025-11-03,1454.0993391242876,1468.4808736139953,1447.449826149544,1463.4543430016795,865941
US,2025-11-04,1460.4516864561194,1467.1965236399649,1453.3574288693285,1461.0433527228638,406026
US,2025-11-05,1457.4301591167512,1460.094193837204,1440.2146234043,1446.0129158497264,559398
US,2025-11-06,1446.7451531477811,1457.485871144048,1445.9911522518655,1451.4995736927278,719482
US,2025-11-07,1452.4299574598024,1464.8039574645622,1440.355107472676,1460.8210997305805,702769
US,2025-11-10,1456.0815478944814,1462.3368013536067,1445.1345933213365,1457.6754738874954,708015
US,2025-11-11,1463.7064264975309,1466.9999704614995,1451.949715048098,1452.9337612750928,200960
US,2025-11-12,1455.5961488402015,1469.2176329730241,1421.4103785425827,1435.4863830235897,1255269
US,2025-11-13,1434.5294218540805,1448.3334640738717,1428.9250037998995,1442.9130641592633,462950
US,2025-11-14,1442.8202696629837,1456.6073912006575,1438.3650647395261,1452.3064076894111,764482
US,2025-11-17,1449.3433252758603,1462.130155339755,1448.3428770097744,1458.3760802217728,549300
US,2025-11-18,1453.153569891893,1504.3721313970825,1451.5720059648177,1494.8249036337963,671338
US,2025-11-19,1497.9161311351488,1521.6147393568551,1490.6429534019574,1508.503848054585,387564
US,2025-11-20,1501.1990120148896,1504.591596679496,1487.6765157770756,1504.2419034414072,617126
US,2025-11-21,1506.4416633776189,1515.0629312565127,1494.0330421647004,1494.4334808798592,451925
US,2025-11-24,1490.6904196288099,1508.2611409948315,1479.2226086502062,1482.090551413166,721683
US,2025-11-25,1482.930761019846,1490.589997308274,1472.9567953566827,1477.4335726612808,363508
US,2025-11-26,1481.1539851518896,1491.385174186927,1478.2754911010038,1488.4444854173607,341340
US,2025-11-27,1493.9430973230037,1507.699941139044,1458.022852616391,1465.8574268001435,770524
US,2025-11-28,1463.6796203303256,1474.7313375025265,1450.8364840273512,1471.9664731379419,425734
US,2025-12-01,1470.6899585735403,1475.0841128540626,1459.9987246200321,1474.3131432791463,492553
US,2025-12-02,1475.5565076110747,1502.5788714373539,1460.3490499358866,1500.1115160694446,282676
US,2025-12-03,1511.0354182188207,1521.7995872436757,1499.2999083442473,1501.7902372690116,339688
US,2025-12-04,1496.6911692162307,1505.0467476189988,1489.9208877524518,1499.591442813283,265836
US,2025-12-05,1490.466482171593,1516.7930395694511,1466.6606927995588,1475.7487169431886,350505
US,2025-12-08,1468.013233149839,1476.9277532942801,1458.4255741243492,1460.9397302475918,745675
US,2025-12-09,1468.9943915298309,1469.3016583719432,1458.3031910762063,1461.8382076760868,211162
US,2025-12-10,1459.708852259551,1470.9582516273238,1445.2673572631643,1465.61889024747,1085108
US,2025-12-11,1466.0505886373385,1483.188374790226,1459.9064948673797,1474.6062325858747,259723
US,2025-12-12,1468.8001148834774,1472.6024951777215,1452.7608887570598,1453.8721150795345,142457
US,2025-12-15,1453.3294992014908,1468.7768438690225,1453.026827994267,1459.0215180366783,711133
US,2025-12-16,1460.8046861874848,1460.9702684310287,1434.3516812673142,1443.3491949750946,351590
US,2025-12-17,1435.9305467506838,1460.4089310737572,1433.1740468128855,1459.9324358528024,283106
US,2025-12-18,1460.2120140371787,1461.49327141306,1433.6231818775116,1440.8725335302333,362246
US,2025-12-19,1435.9670581739624,1443.0514213702122,1397.9183860690973,1401.8311130416919,367987
US,2025-12-22,1403.7623442357005,1404.4969211038,1394.8261777000719,1397.1965364640623,298385
US,2025-12-23,1393.674813773268,1405.551219562099,1372.846998479905,1376.7443634171088,839738
US,2025-12-24,1378.8003943852707,1386.2112115050406,1357.1771168433154,1378.5635005930355,873094
US,2025-12-25,1376.7898698293113,1387.2714768751334,1363.3820857067635,1382.4493961234687,458387
US,2025-12-26,1391.2715126192054,1394.63338240553,1367.0862117324639,1369.03961193672,447235
US,2025-12-29,1364.4992551935793,1384.572944682171,1363.912955965777,1384.071605443782,473638
US,2025-12-30,1383.9489867989992,1393.105668303108,1382.1653928548953,1387.5953362839443,1335276
US,2025-12-31,1397.197599367524,1399.8053561091353,1387.9265535932923,1393.1766639885766,242737
